ALG, INST, t[s], alpha, custo, custo_total, percent_total, melhor_custo, relacao_melhor, iteracao_melhor, grafo_nos, solucao_nos, grafo_arestas, solucao_arestas
A1, D1-B.dat, 0.00209829, 0, 197, 274, 71.8978%, 106, 85.8491%, 0, 1000, 4, 1250, 3
A2, D1-B.dat, 1.52521, 0.1, 197, 274, 71.8978%, 106, 85.8491%, 3, 1000, 4, 1250, 3
A2, D1-B.dat, 1.54452, 0.1, 197, 274, 71.8978%, 106, 85.8491%, 7, 1000, 4, 1250, 3
A2, D1-B.dat, 1.56782, 0.1, 197, 274, 71.8978%, 106, 85.8491%, 42, 1000, 4, 1250, 3
A2, D1-B.dat, 1.54923, 0.1, 197, 274, 71.8978%, 106, 85.8491%, 165, 1000, 4, 1250, 3
A2, D1-B.dat, 1.54288, 0.1, 197, 274, 71.8978%, 106, 85.8491%, 9, 1000, 4, 1250, 3
A2, D1-B.dat, 1.52876, 0.1, 197, 274, 71.8978%, 106, 85.8491%, 40, 1000, 4, 1250, 3
A2, D1-B.dat, 1.52636, 0.1, 197, 274, 71.8978%, 106, 85.8491%, 46, 1000, 4, 1250, 3
A2, D1-B.dat, 1.54608, 0.1, 197, 274, 71.8978%, 106, 85.8491%, 26, 1000, 4, 1250, 3
A2, D1-B.dat, 1.58736, 0.1, 197, 274, 71.8978%, 106, 85.8491%, 18, 1000, 4, 1250, 3
A2, D1-B.dat, 1.49811, 0.1, 197, 274, 71.8978%, 106, 85.8491%, 203, 1000, 4, 1250, 3
A2, D1-B.dat, 1.48639, 0.1, 197, 274, 71.8978%, 106, 85.8491%, 65, 1000, 4, 1250, 3
A2, D1-B.dat, 1.48, 0.1, 197, 274, 71.8978%, 106, 85.8491%, 38, 1000, 4, 1250, 3
A2, D1-B.dat, 1.47855, 0.1, 197, 274, 71.8978%, 106, 85.8491%, 15, 1000, 4, 1250, 3
A2, D1-B.dat, 1.47914, 0.1, 197, 274, 71.8978%, 106, 85.8491%, 41, 1000, 4, 1250, 3
A2, D1-B.dat, 1.47417, 0.1, 197, 274, 71.8978%, 106, 85.8491%, 98, 1000, 4, 1250, 3
A2, D1-B.dat, 1.51218, 0.1, 197, 274, 71.8978%, 106, 85.8491%, 6, 1000, 4, 1250, 3
A2, D1-B.dat, 1.48679, 0.1, 197, 274, 71.8978%, 106, 85.8491%, 10, 1000, 4, 1250, 3
A2, D1-B.dat, 1.52511, 0.1, 197, 274, 71.8978%, 106, 85.8491%, 47, 1000, 4, 1250, 3
A2, D1-B.dat, 1.51246, 0.1, 197, 274, 71.8978%, 106, 85.8491%, 28, 1000, 4, 1250, 3
A2, D1-B.dat, 1.50526, 0.1, 197, 274, 71.8978%, 106, 85.8491%, 125, 1000, 4, 1250, 3
A2, D1-B.dat, 1.46205, 0.2, 188, 274, 68.6131%, 106, 77.3585%, 39, 1000, 3, 1250, 2
A2, D1-B.dat, 1.46552, 0.2, 188, 274, 68.6131%, 106, 77.3585%, 19, 1000, 3, 1250, 2
A2, D1-B.dat, 1.46265, 0.2, 188, 274, 68.6131%, 106, 77.3585%, 153, 1000, 3, 1250, 2
A2, D1-B.dat, 1.47733, 0.2, 188, 274, 68.6131%, 106, 77.3585%, 27, 1000, 3, 1250, 2
A2, D1-B.dat, 1.47618, 0.2, 188, 274, 68.6131%, 106, 77.3585%, 148, 1000, 3, 1250, 2
A2, D1-B.dat, 1.47566, 0.2, 188, 274, 68.6131%, 106, 77.3585%, 76, 1000, 3, 1250, 2
A2, D1-B.dat, 1.47011, 0.2, 188, 274, 68.6131%, 106, 77.3585%, 9, 1000, 3, 1250, 2
A2, D1-B.dat, 1.47164, 0.2, 188, 274, 68.6131%, 106, 77.3585%, 127, 1000, 3, 1250, 2
A2, D1-B.dat, 1.47057, 0.2, 188, 274, 68.6131%, 106, 77.3585%, 51, 1000, 3, 1250, 2
A2, D1-B.dat, 1.57626, 0.2, 188, 274, 68.6131%, 106, 77.3585%, 111, 1000, 3, 1250, 2
A2, D1-B.dat, 1.55018, 0.2, 188, 274, 68.6131%, 106, 77.3585%, 165, 1000, 3, 1250, 2
A2, D1-B.dat, 1.54234, 0.2, 188, 274, 68.6131%, 106, 77.3585%, 69, 1000, 3, 1250, 2
A2, D1-B.dat, 1.53211, 0.2, 188, 274, 68.6131%, 106, 77.3585%, 70, 1000, 3, 1250, 2
A2, D1-B.dat, 1.53672, 0.2, 188, 274, 68.6131%, 106, 77.3585%, 184, 1000, 3, 1250, 2
A2, D1-B.dat, 1.51495, 0.2, 188, 274, 68.6131%, 106, 77.3585%, 439, 1000, 3, 1250, 2
A2, D1-B.dat, 1.52147, 0.2, 188, 274, 68.6131%, 106, 77.3585%, 6, 1000, 3, 1250, 2
A2, D1-B.dat, 1.56428, 0.2, 188, 274, 68.6131%, 106, 77.3585%, 84, 1000, 3, 1250, 2
A2, D1-B.dat, 1.53765, 0.2, 188, 274, 68.6131%, 106, 77.3585%, 229, 1000, 3, 1250, 2
A2, D1-B.dat, 1.53386, 0.2, 188, 274, 68.6131%, 106, 77.3585%, 58, 1000, 3, 1250, 2
A2, D1-B.dat, 1.52755, 0.2, 188, 274, 68.6131%, 106, 77.3585%, 122, 1000, 3, 1250, 2
A2, D1-B.dat, 1.55323, 0.3, 188, 274, 68.6131%, 106, 77.3585%, 202, 1000, 3, 1250, 2
A2, D1-B.dat, 1.57664, 0.3, 188, 274, 68.6131%, 106, 77.3585%, 123, 1000, 3, 1250, 2
A2, D1-B.dat, 1.57403, 0.3, 188, 274, 68.6131%, 106, 77.3585%, 142, 1000, 3, 1250, 2
A2, D1-B.dat, 1.59509, 0.3, 188, 274, 68.6131%, 106, 77.3585%, 2, 1000, 3, 1250, 2
A2, D1-B.dat, 1.56712, 0.3, 188, 274, 68.6131%, 106, 77.3585%, 945, 1000, 3, 1250, 2
A2, D1-B.dat, 1.56558, 0.3, 188, 274, 68.6131%, 106, 77.3585%, 250, 1000, 3, 1250, 2
A2, D1-B.dat, 1.55369, 0.3, 188, 274, 68.6131%, 106, 77.3585%, 8, 1000, 3, 1250, 2
A2, D1-B.dat, 1.55705, 0.3, 188, 274, 68.6131%, 106, 77.3585%, 26, 1000, 3, 1250, 2
A2, D1-B.dat, 1.54702, 0.3, 188, 274, 68.6131%, 106, 77.3585%, 135, 1000, 3, 1250, 2
A2, D1-B.dat, 1.55886, 0.3, 188, 274, 68.6131%, 106, 77.3585%, 166, 1000, 3, 1250, 2
A2, D1-B.dat, 1.56235, 0.3, 188, 274, 68.6131%, 106, 77.3585%, 233, 1000, 3, 1250, 2
A2, D1-B.dat, 1.5461, 0.3, 188, 274, 68.6131%, 106, 77.3585%, 186, 1000, 3, 1250, 2
A2, D1-B.dat, 1.54937, 0.3, 188, 274, 68.6131%, 106, 77.3585%, 165, 1000, 3, 1250, 2
A2, D1-B.dat, 1.58038, 0.3, 188, 274, 68.6131%, 106, 77.3585%, 148, 1000, 3, 1250, 2
A2, D1-B.dat, 1.57598, 0.3, 188, 274, 68.6131%, 106, 77.3585%, 746, 1000, 3, 1250, 2
A2, D1-B.dat, 1.65556, 0.3, 188, 274, 68.6131%, 106, 77.3585%, 52, 1000, 3, 1250, 2
A2, D1-B.dat, 1.6279, 0.3, 188, 274, 68.6131%, 106, 77.3585%, 874, 1000, 3, 1250, 2
A2, D1-B.dat, 1.55403, 0.3, 188, 274, 68.6131%, 106, 77.3585%, 159, 1000, 3, 1250, 2
A2, D1-B.dat, 1.55447, 0.3, 188, 274, 68.6131%, 106, 77.3585%, 154, 1000, 3, 1250, 2
A2, D1-B.dat, 1.55173, 0.3, 188, 274, 68.6131%, 106, 77.3585%, 269, 1000, 3, 1250, 2
A3, D1-B.dat, 3.16367, 0.5, 186, 274, 67.8832%, 106, 75.4717%, 29, 1000, 2, 1250, 1
A3, D1-B.dat, 3.14536, 0.4, 186, 274, 67.8832%, 106, 75.4717%, 527, 1000, 2, 1250, 1
A3, D1-B.dat, 3.11222, 0.35, 186, 274, 67.8832%, 106, 75.4717%, 757, 1000, 2, 1250, 1
A3, D1-B.dat, 3.11237, 0.4, 186, 274, 67.8832%, 106, 75.4717%, 83, 1000, 2, 1250, 1
A3, D1-B.dat, 3.11008, 0.25, 188, 274, 68.6131%, 106, 77.3585%, 265, 1000, 3, 1250, 2
A3, D1-B.dat, 3.12753, 0.45, 186, 274, 67.8832%, 106, 75.4717%, 1168, 1000, 2, 1250, 1
A3, D1-B.dat, 3.10938, 0.4, 186, 274, 67.8832%, 106, 75.4717%, 337, 1000, 2, 1250, 1
A3, D1-B.dat, 3.1223, 0.45, 186, 274, 67.8832%, 106, 75.4717%, 1092, 1000, 2, 1250, 1
A3, D1-B.dat, 3.11538, 0.45, 188, 274, 68.6131%, 106, 77.3585%, 738, 1000, 3, 1250, 2
A3, D1-B.dat, 3.11931, 0.2, 188, 274, 68.6131%, 106, 77.3585%, 594, 1000, 3, 1250, 2
A3, D1-B.dat, 3.14235, 0.45, 186, 274, 67.8832%, 106, 75.4717%, 267, 1000, 2, 1250, 1
A3, D1-B.dat, 3.09879, 0.4, 186, 274, 67.8832%, 106, 75.4717%, 757, 1000, 2, 1250, 1
A3, D1-B.dat, 3.15826, 0.35, 186, 274, 67.8832%, 106, 75.4717%, 662, 1000, 2, 1250, 1
A3, D1-B.dat, 3.11349, 0.2, 188, 274, 68.6131%, 106, 77.3585%, 532, 1000, 3, 1250, 2
A3, D1-B.dat, 3.14075, 0.35, 186, 274, 67.8832%, 106, 75.4717%, 309, 1000, 2, 1250, 1
A3, D1-B.dat, 3.12131, 0.4, 188, 274, 68.6131%, 106, 77.3585%, 140, 1000, 3, 1250, 2
A3, D1-B.dat, 3.10762, 0.5, 186, 274, 67.8832%, 106, 75.4717%, 48, 1000, 2, 1250, 1
A3, D1-B.dat, 3.11337, 0.4, 186, 274, 67.8832%, 106, 75.4717%, 529, 1000, 2, 1250, 1
A3, D1-B.dat, 3.11598, 0.5, 186, 274, 67.8832%, 106, 75.4717%, 575, 1000, 2, 1250, 1
A3, D1-B.dat, 3.11927, 0.45, 188, 274, 68.6131%, 106, 77.3585%, 241, 1000, 3, 1250, 2
A1, i04M1.dat, 0.0439317, 0, 53900.2, 53900.2, 100%, 25282.6, 113.191%, 0, 1801, 1, 16721, 0
A2, i04M1.dat, 53.2795, 0.1, 53900.2, 53900.2, 100%, 25282.6, 113.191%, 0, 1801, 0, 16721, 0
A2, i04M1.dat, 54.0668, 0.1, 53900.2, 53900.2, 100%, 25282.6, 113.191%, 0, 1801, 0, 16721, 0
A2, i04M1.dat, 53.4665, 0.1, 53900.2, 53900.2, 100%, 25282.6, 113.191%, 0, 1801, 0, 16721, 0
A2, i04M1.dat, 53.9898, 0.1, 53900.2, 53900.2, 100%, 25282.6, 113.191%, 0, 1801, 0, 16721, 0
A2, i04M1.dat, 53.4059, 0.1, 53900.2, 53900.2, 100%, 25282.6, 113.191%, 0, 1801, 0, 16721, 0
A2, i04M1.dat, 54.5662, 0.1, 53900.2, 53900.2, 100%, 25282.6, 113.191%, 0, 1801, 0, 16721, 0
A2, i04M1.dat, 54.6155, 0.1, 53900.2, 53900.2, 100%, 25282.6, 113.191%, 0, 1801, 0, 16721, 0
A2, i04M1.dat, 53.1707, 0.1, 53900.2, 53900.2, 100%, 25282.6, 113.191%, 0, 1801, 0, 16721, 0
A2, i04M1.dat, 52.988, 0.1, 53900.2, 53900.2, 100%, 25282.6, 113.191%, 0, 1801, 0, 16721, 0
A2, i04M1.dat, 52.2224, 0.1, 53900.2, 53900.2, 100%, 25282.6, 113.191%, 0, 1801, 0, 16721, 0
A2, i04M1.dat, 51.7379, 0.1, 53900.2, 53900.2, 100%, 25282.6, 113.191%, 0, 1801, 0, 16721, 0
A2, i04M1.dat, 54.6061, 0.1, 53900.2, 53900.2, 100%, 25282.6, 113.191%, 0, 1801, 0, 16721, 0
A2, i04M1.dat, 53.1333, 0.1, 53900.2, 53900.2, 100%, 25282.6, 113.191%, 0, 1801, 0, 16721, 0
A2, i04M1.dat, 54.23, 0.1, 53900.2, 53900.2, 100%, 25282.6, 113.191%, 0, 1801, 0, 16721, 0
A2, i04M1.dat, 53.2584, 0.1, 53900.2, 53900.2, 100%, 25282.6, 113.191%, 0, 1801, 0, 16721, 0
A2, i04M1.dat, 61.2824, 0.1, 53900.2, 53900.2, 100%, 25282.6, 113.191%, 0, 1801, 0, 16721, 0
A2, i04M1.dat, 52.7165, 0.1, 53900.2, 53900.2, 100%, 25282.6, 113.191%, 0, 1801, 0, 16721, 0
A2, i04M1.dat, 52.0921, 0.1, 53900.2, 53900.2, 100%, 25282.6, 113.191%, 0, 1801, 0, 16721, 0
A2, i04M1.dat, 50.7724, 0.1, 53900.2, 53900.2, 100%, 25282.6, 113.191%, 0, 1801, 0, 16721, 0
A2, i04M1.dat, 51.548, 0.1, 53900.2, 53900.2, 100%, 25282.6, 113.191%, 0, 1801, 0, 16721, 0
A2, i04M1.dat, 51.1635, 0.2, 53900.2, 53900.2, 100%, 25282.6, 113.191%, 0, 1801, 0, 16721, 0
A2, i04M1.dat, 48.4193, 0.2, 53900.2, 53900.2, 100%, 25282.6, 113.191%, 0, 1801, 0, 16721, 0
A2, i04M1.dat, 45.3408, 0.2, 53900.2, 53900.2, 100%, 25282.6, 113.191%, 0, 1801, 0, 16721, 0
A2, i04M1.dat, 45.5165, 0.2, 53900.2, 53900.2, 100%, 25282.6, 113.191%, 0, 1801, 0, 16721, 0
A2, i04M1.dat, 45.6225, 0.2, 53900.2, 53900.2, 100%, 25282.6, 113.191%, 0, 1801, 0, 16721, 0
A2, i04M1.dat, 48.4345, 0.2, 53900.2, 53900.2, 100%, 25282.6, 113.191%, 0, 1801, 0, 16721, 0
A2, i04M1.dat, 54.262, 0.2, 53900.2, 53900.2, 100%, 25282.6, 113.191%, 0, 1801, 0, 16721, 0
A2, i04M1.dat, 46.8995, 0.2, 53900.2, 53900.2, 100%, 25282.6, 113.191%, 0, 1801, 0, 16721, 0
A2, i04M1.dat, 48.631, 0.2, 53900.2, 53900.2, 100%, 25282.6, 113.191%, 0, 1801, 0, 16721, 0
A2, i04M1.dat, 50.2821, 0.2, 53900.2, 53900.2, 100%, 25282.6, 113.191%, 0, 1801, 0, 16721, 0
A2, i04M1.dat, 53.5765, 0.2, 53900.2, 53900.2, 100%, 25282.6, 113.191%, 0, 1801, 0, 16721, 0
A2, i04M1.dat, 54.1219, 0.2, 53900.2, 53900.2, 100%, 25282.6, 113.191%, 0, 1801, 0, 16721, 0
A2, i04M1.dat, 51.3076, 0.2, 53900.2, 53900.2, 100%, 25282.6, 113.191%, 0, 1801, 0, 16721, 0
A2, i04M1.dat, 48.1786, 0.2, 53900.2, 53900.2, 100%, 25282.6, 113.191%, 0, 1801, 0, 16721, 0
A2, i04M1.dat, 52.7022, 0.2, 53900.2, 53900.2, 100%, 25282.6, 113.191%, 0, 1801, 0, 16721, 0
A2, i04M1.dat, 53.9209, 0.2, 53900.2, 53900.2, 100%, 25282.6, 113.191%, 0, 1801, 0, 16721, 0
A2, i04M1.dat, 52.6271, 0.2, 53900.2, 53900.2, 100%, 25282.6, 113.191%, 0, 1801, 0, 16721, 0
A2, i04M1.dat, 51.843, 0.2, 53900.2, 53900.2, 100%, 25282.6, 113.191%, 0, 1801, 0, 16721, 0
A2, i04M1.dat, 52.9872, 0.2, 53900.2, 53900.2, 100%, 25282.6, 113.191%, 0, 1801, 0, 16721, 0
A2, i04M1.dat, 54.3024, 0.2, 53900.2, 53900.2, 100%, 25282.6, 113.191%, 0, 1801, 0, 16721, 0
A2, i04M1.dat, 52.6459, 0.3, 53900.2, 53900.2, 100%, 25282.6, 113.191%, 0, 1801, 0, 16721, 0
A2, i04M1.dat, 53.4294, 0.3, 53900.2, 53900.2, 100%, 25282.6, 113.191%, 0, 1801, 0, 16721, 0
A2, i04M1.dat, 52.8911, 0.3, 53900.2, 53900.2, 100%, 25282.6, 113.191%, 0, 1801, 0, 16721, 0
A2, i04M1.dat, 53.6538, 0.3, 53900.2, 53900.2, 100%, 25282.6, 113.191%, 0, 1801, 0, 16721, 0
A2, i04M1.dat, 52.9948, 0.3, 53900.2, 53900.2, 100%, 25282.6, 113.191%, 0, 1801, 0, 16721, 0
A2, i04M1.dat, 55.2171, 0.3, 53900.2, 53900.2, 100%, 25282.6, 113.191%, 0, 1801, 0, 16721, 0
A2, i04M1.dat, 52.7815, 0.3, 53900.2, 53900.2, 100%, 25282.6, 113.191%, 0, 1801, 0, 16721, 0
A2, i04M1.dat, 54.2658, 0.3, 53900.2, 53900.2, 100%, 25282.6, 113.191%, 0, 1801, 0, 16721, 0
A2, i04M1.dat, 52.9983, 0.3, 53900.2, 53900.2, 100%, 25282.6, 113.191%, 0, 1801, 0, 16721, 0
A2, i04M1.dat, 54.2185, 0.3, 53900.2, 53900.2, 100%, 25282.6, 113.191%, 0, 1801, 0, 16721, 0
A2, i04M1.dat, 52.7941, 0.3, 53900.2, 53900.2, 100%, 25282.6, 113.191%, 0, 1801, 0, 16721, 0
A2, i04M1.dat, 54.0536, 0.3, 53900.2, 53900.2, 100%, 25282.6, 113.191%, 0, 1801, 0, 16721, 0
A2, i04M1.dat, 52.7608, 0.3, 53900.2, 53900.2, 100%, 25282.6, 113.191%, 0, 1801, 0, 16721, 0
A2, i04M1.dat, 54.2253, 0.3, 53900.2, 53900.2, 100%, 25282.6, 113.191%, 0, 1801, 0, 16721, 0
A2, i04M1.dat, 53.2204, 0.3, 53900.2, 53900.2, 100%, 25282.6, 113.191%, 0, 1801, 0, 16721, 0
A2, i04M1.dat, 54.1875, 0.3, 53900.2, 53900.2, 100%, 25282.6, 113.191%, 0, 1801, 0, 16721, 0
A2, i04M1.dat, 53.1466, 0.3, 53900.2, 53900.2, 100%, 25282.6, 113.191%, 0, 1801, 0, 16721, 0
A2, i04M1.dat, 54.5797, 0.3, 53900.2, 53900.2, 100%, 25282.6, 113.191%, 0, 1801, 0, 16721, 0
A2, i04M1.dat, 57.4349, 0.3, 53900.2, 53900.2, 100%, 25282.6, 113.191%, 0, 1801, 0, 16721, 0
A2, i04M1.dat, 53.6116, 0.3, 53900.2, 53900.2, 100%, 25282.6, 113.191%, 0, 1801, 0, 16721, 0
A3, i04M1.dat, 128.617, 2.00754e-17, 53900.2, 53900.2, 100%, 25282.6, 113.191%, 0, 1801, 0, 16721, 0
A3, i04M1.dat, 119.944, 2.00754e-17, 53900.2, 53900.2, 100%, 25282.6, 113.191%, 0, 1801, 0, 16721, 0
A3, i04M1.dat, 117.505, 2.00754e-17, 53900.2, 53900.2, 100%, 25282.6, 113.191%, 0, 1801, 0, 16721, 0
A3, i04M1.dat, 108.69, 2.00754e-17, 53900.2, 53900.2, 100%, 25282.6, 113.191%, 0, 1801, 0, 16721, 0
A3, i04M1.dat, 111.453, 2.00754e-17, 53900.2, 53900.2, 100%, 25282.6, 113.191%, 0, 1801, 0, 16721, 0
A3, i04M1.dat, 110.855, 2.00754e-17, 53900.2, 53900.2, 100%, 25282.6, 113.191%, 0, 1801, 0, 16721, 0
A3, i04M1.dat, 108.166, 2.00754e-17, 53900.2, 53900.2, 100%, 25282.6, 113.191%, 0, 1801, 0, 16721, 0
A3, i04M1.dat, 113.795, 2.00754e-17, 53900.2, 53900.2, 100%, 25282.6, 113.191%, 0, 1801, 0, 16721, 0
A3, i04M1.dat, 105.75, 2.00754e-17, 53900.2, 53900.2, 100%, 25282.6, 113.191%, 0, 1801, 0, 16721, 0
A3, i04M1.dat, 112.737, 2.00754e-17, 53900.2, 53900.2, 100%, 25282.6, 113.191%, 0, 1801, 0, 16721, 0
A3, i04M1.dat, 108.758, 2.00754e-17, 53900.2, 53900.2, 100%, 25282.6, 113.191%, 0, 1801, 0, 16721, 0
A3, i04M1.dat, 118.966, 2.00754e-17, 53900.2, 53900.2, 100%, 25282.6, 113.191%, 0, 1801, 0, 16721, 0
A3, i04M1.dat, 106.751, 2.00754e-17, 53900.2, 53900.2, 100%, 25282.6, 113.191%, 0, 1801, 0, 16721, 0
A3, i04M1.dat, 110.731, 2.00754e-17, 53900.2, 53900.2, 100%, 25282.6, 113.191%, 0, 1801, 0, 16721, 0
A3, i04M1.dat, 108.385, 2.00754e-17, 53900.2, 53900.2, 100%, 25282.6, 113.191%, 0, 1801, 0, 16721, 0
A3, i04M1.dat, 105.061, 2.00754e-17, 53900.2, 53900.2, 100%, 25282.6, 113.191%, 0, 1801, 0, 16721, 0
A3, i04M1.dat, 102.078, 2.00754e-17, 53900.2, 53900.2, 100%, 25282.6, 113.191%, 0, 1801, 0, 16721, 0
A3, i04M1.dat, 117.632, 2.00754e-17, 53900.2, 53900.2, 100%, 25282.6, 113.191%, 0, 1801, 0, 16721, 0
A3, i04M1.dat, 114.986, 2.00754e-17, 53900.2, 53900.2, 100%, 25282.6, 113.191%, 0, 1801, 0, 16721, 0
A3, i04M1.dat, 116.989, 2.00754e-17, 53900.2, 53900.2, 100%, 25282.6, 113.191%, 0, 1801, 0, 16721, 0
A1, i05M3.dat, 0.0580046, 0, 1.61155e+06, 1.44712e+06, 111.363%, 672403, 139.67%, 0, 1810, 10, 16796, 9
A2, i05M3.dat, 59.6165, 0.1, 1.38341e+06, 1.44712e+06, 95.5972%, 672403, 105.741%, 192, 1810, 6, 16796, 5
A2, i05M3.dat, 62.8263, 0.1, 1.37265e+06, 1.44712e+06, 94.8542%, 672403, 104.141%, 380, 1810, 6, 16796, 5
A2, i05M3.dat, 58.3118, 0.1, 1.37265e+06, 1.44712e+06, 94.8542%, 672403, 104.141%, 895, 1810, 6, 16796, 5
A2, i05M3.dat, 59.3529, 0.1, 1.34692e+06, 1.44712e+06, 93.0758%, 672403, 100.314%, 841, 1810, 5, 16796, 4
A2, i05M3.dat, 62.4048, 0.1, 1.38554e+06, 1.44712e+06, 95.7447%, 672403, 106.058%, 220, 1810, 3, 16796, 2
A2, i05M3.dat, 57.5324, 0.1, 1.38554e+06, 1.44712e+06, 95.7447%, 672403, 106.058%, 520, 1810, 3, 16796, 2
A2, i05M3.dat, 63.4076, 0.1, 1.37265e+06, 1.44712e+06, 94.8542%, 672403, 104.141%, 887, 1810, 6, 16796, 5
A2, i05M3.dat, 61.142, 0.1, 1.37265e+06, 1.44712e+06, 94.8542%, 672403, 104.141%, 101, 1810, 6, 16796, 5
A2, i05M3.dat, 59.9622, 0.1, 1.38341e+06, 1.44712e+06, 95.5972%, 672403, 105.741%, 976, 1810, 6, 16796, 5
A2, i05M3.dat, 61.9327, 0.1, 1.38278e+06, 1.44712e+06, 95.5543%, 672403, 105.648%, 690, 1810, 6, 16796, 5
A2, i05M3.dat, 67.1065, 0.1, 1.38554e+06, 1.44712e+06, 95.7447%, 672403, 106.058%, 329, 1810, 3, 16796, 2
A2, i05M3.dat, 69.0336, 0.1, 1.40701e+06, 1.44712e+06, 97.228%, 672403, 109.25%, 264, 1810, 3, 16796, 2
A2, i05M3.dat, 59.8287, 0.1, 1.37265e+06, 1.44712e+06, 94.8542%, 672403, 104.141%, 918, 1810, 6, 16796, 5
A2, i05M3.dat, 60.23, 0.1, 1.381e+06, 1.44712e+06, 95.4309%, 672403, 105.383%, 605, 1810, 2, 16796, 1
A2, i05M3.dat, 57.1296, 0.1, 1.38386e+06, 1.44712e+06, 95.6285%, 672403, 105.808%, 710, 1810, 6, 16796, 5
A2, i05M3.dat, 56.1363, 0.1, 1.38554e+06, 1.44712e+06, 95.7447%, 672403, 106.058%, 437, 1810, 3, 16796, 2
A2, i05M3.dat, 58.0847, 0.1, 1.38341e+06, 1.44712e+06, 95.5972%, 672403, 105.741%, 924, 1810, 6, 16796, 5
A2, i05M3.dat, 60.6747, 0.1, 1.38341e+06, 1.44712e+06, 95.5972%, 672403, 105.741%, 25, 1810, 6, 16796, 5
A2, i05M3.dat, 55.534, 0.1, 1.35533e+06, 1.44712e+06, 93.6571%, 672403, 101.565%, 581, 1810, 5, 16796, 4
A2, i05M3.dat, 55.693, 0.1, 1.38341e+06, 1.44712e+06, 95.5972%, 672403, 105.741%, 867, 1810, 6, 16796, 5
A2, i05M3.dat, 56.7056, 0.2, 1.29627e+06, 1.44712e+06, 89.5758%, 672403, 92.7815%, 199, 1810, 4, 16796, 3
A2, i05M3.dat, 54.1154, 0.2, 1.29671e+06, 1.44712e+06, 89.6064%, 672403, 92.8473%, 995, 1810, 4, 16796, 3
A2, i05M3.dat, 53.7947, 0.2, 1.34692e+06, 1.44712e+06, 93.0758%, 672403, 100.314%, 971, 1810, 5, 16796, 4
A2, i05M3.dat, 53.4316, 0.2, 1.28551e+06, 1.44712e+06, 88.832%, 672403, 91.1808%, 43, 1810, 4, 16796, 3
A2, i05M3.dat, 56.2355, 0.2, 1.32928e+06, 1.44712e+06, 91.8569%, 672403, 97.6909%, 334, 1810, 5, 16796, 4
A2, i05M3.dat, 56.7875, 0.2, 1.40364e+06, 1.44712e+06, 96.9958%, 672403, 108.75%, 173, 1810, 6, 16796, 5
A2, i05M3.dat, 56.2675, 0.2, 1.29627e+06, 1.44712e+06, 89.5758%, 672403, 92.7815%, 30, 1810, 4, 16796, 3
A2, i05M3.dat, 55.3273, 0.2, 1.29911e+06, 1.44712e+06, 89.7724%, 672403, 93.2046%, 104, 1810, 4, 16796, 3
A2, i05M3.dat, 56.3194, 0.2, 1.36176e+06, 1.44712e+06, 94.1014%, 672403, 102.521%, 67, 1810, 5, 16796, 4
A2, i05M3.dat, 54.3856, 0.2, 1.28898e+06, 1.44712e+06, 89.0723%, 672403, 91.698%, 734, 1810, 4, 16796, 3
A2, i05M3.dat, 54.6626, 0.2, 1.29519e+06, 1.44712e+06, 89.5015%, 672403, 92.6217%, 126, 1810, 4, 16796, 3
A2, i05M3.dat, 53.814, 0.2, 1.28551e+06, 1.44712e+06, 88.832%, 672403, 91.1808%, 669, 1810, 4, 16796, 3
A2, i05M3.dat, 54.6605, 0.2, 1.28898e+06, 1.44712e+06, 89.0723%, 672403, 91.698%, 674, 1810, 4, 16796, 3
A2, i05M3.dat, 58.1836, 0.2, 1.34003e+06, 1.44712e+06, 92.5999%, 672403, 99.29%, 694, 1810, 5, 16796, 4
A2, i05M3.dat, 54.3523, 0.2, 1.28875e+06, 1.44712e+06, 89.0563%, 672403, 91.6634%, 272, 1810, 4, 16796, 3
A2, i05M3.dat, 55.1525, 0.2, 1.39074e+06, 1.44712e+06, 96.1037%, 672403, 106.831%, 252, 1810, 2, 16796, 1
A2, i05M3.dat, 54.2897, 0.2, 1.31732e+06, 1.44712e+06, 91.0307%, 672403, 95.9127%, 14, 1810, 4, 16796, 3
A2, i05M3.dat, 53.0869, 0.2, 1.29279e+06, 1.44712e+06, 89.3355%, 672403, 92.2644%, 480, 1810, 4, 16796, 3
A2, i05M3.dat, 52.3451, 0.2, 1.34412e+06, 1.44712e+06, 92.8826%, 672403, 99.8984%, 903, 1810, 5, 16796, 4
A2, i05M3.dat, 52.8726, 0.2, 1.35881e+06, 1.44712e+06, 93.8974%, 672403, 102.082%, 267, 1810, 5, 16796, 4
A2, i05M3.dat, 53.6663, 0.3, 1.25288e+06, 1.44712e+06, 86.5778%, 672403, 86.3293%, 530, 1810, 3, 16796, 2
A2, i05M3.dat, 54.5724, 0.3, 1.30763e+06, 1.44712e+06, 90.3612%, 672403, 94.4718%, 181, 1810, 4, 16796, 3
A2, i05M3.dat, 54.0089, 0.3, 1.25182e+06, 1.44712e+06, 86.5043%, 672403, 86.1711%, 584, 1810, 3, 16796, 2
A2, i05M3.dat, 54.634, 0.3, 1.29626e+06, 1.44712e+06, 89.575%, 672403, 92.7799%, 554, 1810, 4, 16796, 3
A2, i05M3.dat, 55.0208, 0.3, 1.28483e+06, 1.44712e+06, 88.7854%, 672403, 91.0805%, 149, 1810, 4, 16796, 3
A2, i05M3.dat, 53.6564, 0.3, 1.24834e+06, 1.44712e+06, 86.264%, 672403, 85.654%, 311, 1810, 3, 16796, 2
A2, i05M3.dat, 57.2741, 0.3, 1.28937e+06, 1.44712e+06, 89.0992%, 672403, 91.7558%, 136, 1810, 4, 16796, 3
A2, i05M3.dat, 56.1069, 0.3, 1.31111e+06, 1.44712e+06, 90.6015%, 672403, 94.9889%, 417, 1810, 4, 16796, 3
A2, i05M3.dat, 55.0555, 0.3, 1.35872e+06, 1.44712e+06, 93.8911%, 672403, 102.069%, 749, 1810, 2, 16796, 1
A2, i05M3.dat, 54.2045, 0.3, 1.30707e+06, 1.44712e+06, 90.3225%, 672403, 94.3885%, 256, 1810, 4, 16796, 3
A2, i05M3.dat, 55.9038, 0.3, 1.29564e+06, 1.44712e+06, 89.5321%, 672403, 92.6875%, 693, 1810, 4, 16796, 3
A2, i05M3.dat, 58.9182, 0.3, 1.35872e+06, 1.44712e+06, 93.8911%, 672403, 102.069%, 36, 1810, 2, 16796, 1
A2, i05M3.dat, 56.5633, 0.3, 1.24453e+06, 1.44712e+06, 86.0008%, 672403, 85.0876%, 879, 1810, 3, 16796, 2
A2, i05M3.dat, 56.7468, 0.3, 1.24213e+06, 1.44712e+06, 85.8348%, 672403, 84.7303%, 72, 1810, 3, 16796, 2
A2, i05M3.dat, 56.7751, 0.3, 1.24106e+06, 1.44712e+06, 85.7605%, 672403, 84.5704%, 761, 1810, 3, 16796, 2
A2, i05M3.dat, 59.5176, 0.3, 1.24106e+06, 1.44712e+06, 85.7605%, 672403, 84.5704%, 114, 1810, 3, 16796, 2
A2, i05M3.dat, 57.7883, 0.3, 1.29519e+06, 1.44712e+06, 89.5015%, 672403, 92.6217%, 278, 1810, 4, 16796, 3
A2, i05M3.dat, 56.1568, 0.3, 1.30315e+06, 1.44712e+06, 90.0516%, 672403, 93.8056%, 831, 1810, 4, 16796, 3
A2, i05M3.dat, 55.8567, 0.3, 1.29172e+06, 1.44712e+06, 89.2612%, 672403, 92.1045%, 97, 1810, 4, 16796, 3
A2, i05M3.dat, 55.8233, 0.3, 1.38554e+06, 1.44712e+06, 95.7447%, 672403, 106.058%, 576, 1810, 3, 16796, 2
A3, i05M3.dat, 101.923, 0.2, 1.33212e+06, 1.44712e+06, 92.0535%, 672403, 98.114%, 337, 1810, 5, 16796, 4
A3, i05M3.dat, 107.32, 0.3, 1.30656e+06, 1.44712e+06, 90.2869%, 672403, 94.312%, 514, 1810, 4, 16796, 3
A3, i05M3.dat, 102.959, 0.4, 1.20805e+06, 1.44712e+06, 83.4794%, 672403, 79.661%, 869, 1810, 2, 16796, 1
A3, i05M3.dat, 103.955, 0.2, 1.28551e+06, 1.44712e+06, 88.832%, 672403, 91.1808%, 1748, 1810, 4, 16796, 3
A3, i05M3.dat, 101.212, 0.3, 1.29564e+06, 1.44712e+06, 89.5321%, 672403, 92.6875%, 1538, 1810, 4, 16796, 3
A3, i05M3.dat, 103.484, 0.4, 1.24561e+06, 1.44712e+06, 86.0751%, 672403, 85.2474%, 1727, 1810, 3, 16796, 2
A3, i05M3.dat, 101.623, 0.5, 1.3525e+06, 1.44712e+06, 93.4615%, 672403, 101.144%, 1817, 1810, 2, 16796, 1
A3, i05M3.dat, 104.142, 0.4, 1.26477e+06, 1.44712e+06, 87.3994%, 672403, 88.0975%, 841, 1810, 3, 16796, 2
A3, i05M3.dat, 110.645, 0.45, 1.20805e+06, 1.44712e+06, 83.4794%, 672403, 79.661%, 277, 1810, 2, 16796, 1
A3, i05M3.dat, 121.562, 0.3, 1.29519e+06, 1.44712e+06, 89.5015%, 672403, 92.6217%, 342, 1810, 4, 16796, 3
A3, i05M3.dat, 105.278, 0.4, 1.20912e+06, 1.44712e+06, 83.5536%, 672403, 79.8209%, 1404, 1810, 2, 16796, 1
A3, i05M3.dat, 99.0819, 0.2, 1.30292e+06, 1.44712e+06, 90.0356%, 672403, 93.771%, 1868, 1810, 4, 16796, 3
A3, i05M3.dat, 100.1, 0.2, 1.28483e+06, 1.44712e+06, 88.7854%, 672403, 91.0805%, 1178, 1810, 4, 16796, 3
A3, i05M3.dat, 101.675, 0.4, 1.25871e+06, 1.44712e+06, 86.9801%, 672403, 87.1952%, 1446, 1810, 3, 16796, 2
A3, i05M3.dat, 96.9596, 0.25, 1.28483e+06, 1.44712e+06, 88.7854%, 672403, 91.0805%, 1032, 1810, 4, 16796, 3
A3, i05M3.dat, 99.2968, 0.5, 1.20912e+06, 1.44712e+06, 83.5536%, 672403, 79.8209%, 490, 1810, 2, 16796, 1
A3, i05M3.dat, 99.7314, 0.25, 1.2525e+06, 1.44712e+06, 86.5509%, 672403, 86.2714%, 710, 1810, 3, 16796, 2
A3, i05M3.dat, 103.307, 0.4, 1.26319e+06, 1.44712e+06, 87.2897%, 672403, 87.8614%, 1368, 1810, 3, 16796, 2
A3, i05M3.dat, 103.414, 0.4, 1.24106e+06, 1.44712e+06, 85.7605%, 672403, 84.5704%, 744, 1810, 3, 16796, 2
A3, i05M3.dat, 98.965, 0.4, 1.29671e+06, 1.44712e+06, 89.6064%, 672403, 92.8473%, 478, 1810, 4, 16796, 3
A1, D6-A.dat, 0.00336094, 0, 29, 27, 107.407%, 18, 61.1111%, 0, 1000, 4, 2000, 3
A2, D6-A.dat, 2.50883, 0.1, 21, 27, 77.7778%, 18, 16.6667%, 471, 1000, 3, 2000, 2
A2, D6-A.dat, 2.52573, 0.1, 21, 27, 77.7778%, 18, 16.6667%, 3, 1000, 3, 2000, 2
A2, D6-A.dat, 2.51874, 0.1, 21, 27, 77.7778%, 18, 16.6667%, 12, 1000, 3, 2000, 2
A2, D6-A.dat, 2.71676, 0.1, 21, 27, 77.7778%, 18, 16.6667%, 71, 1000, 3, 2000, 2
A2, D6-A.dat, 2.56464, 0.1, 21, 27, 77.7778%, 18, 16.6667%, 25, 1000, 3, 2000, 2
A2, D6-A.dat, 2.56245, 0.1, 21, 27, 77.7778%, 18, 16.6667%, 25, 1000, 3, 2000, 2
A2, D6-A.dat, 2.53373, 0.1, 21, 27, 77.7778%, 18, 16.6667%, 51, 1000, 3, 2000, 2
A2, D6-A.dat, 2.4988, 0.1, 21, 27, 77.7778%, 18, 16.6667%, 13, 1000, 3, 2000, 2
A2, D6-A.dat, 2.49137, 0.1, 21, 27, 77.7778%, 18, 16.6667%, 4, 1000, 3, 2000, 2
A2, D6-A.dat, 2.52611, 0.1, 21, 27, 77.7778%, 18, 16.6667%, 32, 1000, 3, 2000, 2
A2, D6-A.dat, 2.49871, 0.1, 21, 27, 77.7778%, 18, 16.6667%, 306, 1000, 3, 2000, 2
A2, D6-A.dat, 2.53983, 0.1, 21, 27, 77.7778%, 18, 16.6667%, 21, 1000, 3, 2000, 2
A2, D6-A.dat, 2.53212, 0.1, 21, 27, 77.7778%, 18, 16.6667%, 92, 1000, 3, 2000, 2
A2, D6-A.dat, 2.6873, 0.1, 21, 27, 77.7778%, 18, 16.6667%, 75, 1000, 3, 2000, 2
A2, D6-A.dat, 2.67354, 0.1, 21, 27, 77.7778%, 18, 16.6667%, 109, 1000, 3, 2000, 2
A2, D6-A.dat, 2.63924, 0.1, 21, 27, 77.7778%, 18, 16.6667%, 65, 1000, 3, 2000, 2
A2, D6-A.dat, 2.55623, 0.1, 21, 27, 77.7778%, 18, 16.6667%, 1, 1000, 3, 2000, 2
A2, D6-A.dat, 2.57547, 0.1, 21, 27, 77.7778%, 18, 16.6667%, 185, 1000, 3, 2000, 2
A2, D6-A.dat, 2.54749, 0.1, 21, 27, 77.7778%, 18, 16.6667%, 207, 1000, 3, 2000, 2
A2, D6-A.dat, 2.55979, 0.1, 21, 27, 77.7778%, 18, 16.6667%, 278, 1000, 3, 2000, 2
A2, D6-A.dat, 2.53155, 0.2, 21, 27, 77.7778%, 18, 16.6667%, 100, 1000, 3, 2000, 2
A2, D6-A.dat, 2.54641, 0.2, 21, 27, 77.7778%, 18, 16.6667%, 111, 1000, 3, 2000, 2
A2, D6-A.dat, 2.54716, 0.2, 21, 27, 77.7778%, 18, 16.6667%, 176, 1000, 3, 2000, 2
A2, D6-A.dat, 2.56044, 0.2, 21, 27, 77.7778%, 18, 16.6667%, 55, 1000, 3, 2000, 2
A2, D6-A.dat, 2.56395, 0.2, 21, 27, 77.7778%, 18, 16.6667%, 961, 1000, 3, 2000, 2
A2, D6-A.dat, 2.64651, 0.2, 21, 27, 77.7778%, 18, 16.6667%, 866, 1000, 3, 2000, 2
A2, D6-A.dat, 2.59466, 0.2, 21, 27, 77.7778%, 18, 16.6667%, 277, 1000, 3, 2000, 2
A2, D6-A.dat, 2.61845, 0.2, 24, 27, 88.8889%, 18, 33.3333%, 409, 1000, 2, 2000, 1
A2, D6-A.dat, 2.58223, 0.2, 21, 27, 77.7778%, 18, 16.6667%, 260, 1000, 3, 2000, 2
A2, D6-A.dat, 2.65584, 0.2, 21, 27, 77.7778%, 18, 16.6667%, 143, 1000, 3, 2000, 2
A2, D6-A.dat, 2.63317, 0.2, 21, 27, 77.7778%, 18, 16.6667%, 220, 1000, 3, 2000, 2
A2, D6-A.dat, 2.54188, 0.2, 21, 27, 77.7778%, 18, 16.6667%, 790, 1000, 3, 2000, 2
A2, D6-A.dat, 2.54507, 0.2, 21, 27, 77.7778%, 18, 16.6667%, 721, 1000, 3, 2000, 2
A2, D6-A.dat, 2.52574, 0.2, 21, 27, 77.7778%, 18, 16.6667%, 19, 1000, 3, 2000, 2
A2, D6-A.dat, 2.51286, 0.2, 21, 27, 77.7778%, 18, 16.6667%, 432, 1000, 3, 2000, 2
A2, D6-A.dat, 2.54613, 0.2, 21, 27, 77.7778%, 18, 16.6667%, 11, 1000, 3, 2000, 2
A2, D6-A.dat, 2.56882, 0.2, 25, 27, 92.5926%, 18, 38.8889%, 21, 1000, 3, 2000, 2
A2, D6-A.dat, 2.68098, 0.2, 21, 27, 77.7778%, 18, 16.6667%, 410, 1000, 3, 2000, 2
A2, D6-A.dat, 2.53728, 0.2, 21, 27, 77.7778%, 18, 16.6667%, 813, 1000, 3, 2000, 2
A2, D6-A.dat, 2.55364, 0.2, 21, 27, 77.7778%, 18, 16.6667%, 87, 1000, 3, 2000, 2
A2, D6-A.dat, 2.52248, 0.3, 19, 27, 70.3704%, 18, 5.55556%, 396, 1000, 2, 2000, 1
A2, D6-A.dat, 2.5604, 0.3, 19, 27, 70.3704%, 18, 5.55556%, 948, 1000, 2, 2000, 1
A2, D6-A.dat, 2.53356, 0.3, 19, 27, 70.3704%, 18, 5.55556%, 531, 1000, 2, 2000, 1
A2, D6-A.dat, 2.53034, 0.3, 21, 27, 77.7778%, 18, 16.6667%, 292, 1000, 3, 2000, 2
A2, D6-A.dat, 2.54467, 0.3, 19, 27, 70.3704%, 18, 5.55556%, 925, 1000, 2, 2000, 1
A2, D6-A.dat, 2.52034, 0.3, 19, 27, 70.3704%, 18, 5.55556%, 140, 1000, 2, 2000, 1
A2, D6-A.dat, 2.61412, 0.3, 19, 27, 70.3704%, 18, 5.55556%, 476, 1000, 2, 2000, 1
A2, D6-A.dat, 2.63175, 0.3, 19, 27, 70.3704%, 18, 5.55556%, 53, 1000, 2, 2000, 1
A2, D6-A.dat, 2.52353, 0.3, 21, 27, 77.7778%, 18, 16.6667%, 724, 1000, 3, 2000, 2
A2, D6-A.dat, 2.50393, 0.3, 19, 27, 70.3704%, 18, 5.55556%, 151, 1000, 2, 2000, 1
A2, D6-A.dat, 2.51715, 0.3, 19, 27, 70.3704%, 18, 5.55556%, 105, 1000, 2, 2000, 1
A2, D6-A.dat, 2.48634, 0.3, 19, 27, 70.3704%, 18, 5.55556%, 86, 1000, 2, 2000, 1
A2, D6-A.dat, 2.52102, 0.3, 19, 27, 70.3704%, 18, 5.55556%, 181, 1000, 2, 2000, 1
A2, D6-A.dat, 2.53018, 0.3, 19, 27, 70.3704%, 18, 5.55556%, 340, 1000, 2, 2000, 1
A2, D6-A.dat, 2.65554, 0.3, 19, 27, 70.3704%, 18, 5.55556%, 837, 1000, 2, 2000, 1
A2, D6-A.dat, 2.64242, 0.3, 19, 27, 70.3704%, 18, 5.55556%, 319, 1000, 2, 2000, 1
A2, D6-A.dat, 2.58806, 0.3, 19, 27, 70.3704%, 18, 5.55556%, 522, 1000, 2, 2000, 1
A2, D6-A.dat, 2.64264, 0.3, 19, 27, 70.3704%, 18, 5.55556%, 371, 1000, 2, 2000, 1
A2, D6-A.dat, 2.5932, 0.3, 19, 27, 70.3704%, 18, 5.55556%, 761, 1000, 2, 2000, 1
A2, D6-A.dat, 2.71831, 0.3, 19, 27, 70.3704%, 18, 5.55556%, 29, 1000, 2, 2000, 1
A3, D6-A.dat, 5.31441, 0.25, 19, 27, 70.3704%, 18, 5.55556%, 778, 1000, 2, 2000, 1
A3, D6-A.dat, 5.22177, 0.45, 19, 27, 70.3704%, 18, 5.55556%, 800, 1000, 2, 2000, 1
A3, D6-A.dat, 5.12317, 0.45, 19, 27, 70.3704%, 18, 5.55556%, 787, 1000, 2, 2000, 1
A3, D6-A.dat, 5.1111, 0.25, 21, 27, 77.7778%, 18, 16.6667%, 416, 1000, 3, 2000, 2
A3, D6-A.dat, 5.09652, 0.25, 19, 27, 70.3704%, 18, 5.55556%, 69, 1000, 2, 2000, 1
A3, D6-A.dat, 5.10127, 0.35, 19, 27, 70.3704%, 18, 5.55556%, 751, 1000, 2, 2000, 1
A3, D6-A.dat, 5.18222, 0.3, 19, 27, 70.3704%, 18, 5.55556%, 935, 1000, 2, 2000, 1
A3, D6-A.dat, 5.23985, 0.5, 19, 27, 70.3704%, 18, 5.55556%, 133, 1000, 2, 2000, 1
A3, D6-A.dat, 5.16767, 0.35, 19, 27, 70.3704%, 18, 5.55556%, 1492, 1000, 2, 2000, 1
A3, D6-A.dat, 5.3377, 0.3, 19, 27, 70.3704%, 18, 5.55556%, 330, 1000, 2, 2000, 1
A3, D6-A.dat, 5.30634, 0.45, 19, 27, 70.3704%, 18, 5.55556%, 1386, 1000, 2, 2000, 1
A3, D6-A.dat, 5.18412, 0.35, 21, 27, 77.7778%, 18, 16.6667%, 961, 1000, 3, 2000, 2
A3, D6-A.dat, 5.13371, 0.5, 19, 27, 70.3704%, 18, 5.55556%, 607, 1000, 2, 2000, 1
A3, D6-A.dat, 5.32564, 0.5, 20, 27, 74.0741%, 18, 11.1111%, 882, 1000, 2, 2000, 1
A3, D6-A.dat, 5.26421, 0.35, 19, 27, 70.3704%, 18, 5.55556%, 191, 1000, 2, 2000, 1
A3, D6-A.dat, 5.22551, 0.25, 19, 27, 70.3704%, 18, 5.55556%, 1746, 1000, 2, 2000, 1
A3, D6-A.dat, 5.26017, 0.45, 19, 27, 70.3704%, 18, 5.55556%, 89, 1000, 2, 2000, 1
A3, D6-A.dat, 5.53621, 0.35, 19, 27, 70.3704%, 18, 5.55556%, 288, 1000, 2, 2000, 1
A3, D6-A.dat, 5.19845, 0.3, 19, 27, 70.3704%, 18, 5.55556%, 215, 1000, 2, 2000, 1
A3, D6-A.dat, 5.24555, 0.5, 19, 27, 70.3704%, 18, 5.55556%, 1109, 1000, 2, 2000, 1
A1, i02M3.dat, 0.0783131, 0, 743625, 1.20742e+06, 61.5881%, 628834, 18.2547%, 0, 1804, 21, 16742, 20
A2, i02M3.dat, 52.0202, 0.1, 737792, 1.20742e+06, 61.105%, 628834, 17.3271%, 210, 1804, 17, 16742, 16
A2, i02M3.dat, 52.4156, 0.1, 738198, 1.20742e+06, 61.1386%, 628834, 17.3916%, 800, 1804, 18, 16742, 17
A2, i02M3.dat, 63.5485, 0.1, 737665, 1.20742e+06, 61.0944%, 628834, 17.3068%, 227, 1804, 17, 16742, 16
A2, i02M3.dat, 57.9791, 0.1, 738408, 1.20742e+06, 61.156%, 628834, 17.425%, 685, 1804, 17, 16742, 16
A2, i02M3.dat, 65.587, 0.1, 738354, 1.20742e+06, 61.1515%, 628834, 17.4164%, 135, 1804, 16, 16742, 15
A2, i02M3.dat, 65.1502, 0.1, 738704, 1.20742e+06, 61.1805%, 628834, 17.4721%, 989, 1804, 16, 16742, 15
A2, i02M3.dat, 61.9002, 0.1, 737992, 1.20742e+06, 61.1215%, 628834, 17.3588%, 50, 1804, 17, 16742, 16
A2, i02M3.dat, 55.5297, 0.1, 738105, 1.20742e+06, 61.1309%, 628834, 17.3768%, 213, 1804, 17, 16742, 16
A2, i02M3.dat, 55.7916, 0.1, 739320, 1.20742e+06, 61.2315%, 628834, 17.5701%, 886, 1804, 19, 16742, 18
A2, i02M3.dat, 54.9339, 0.1, 738036, 1.20742e+06, 61.1251%, 628834, 17.3658%, 269, 1804, 16, 16742, 15
A2, i02M3.dat, 55.5574, 0.1, 739419, 1.20742e+06, 61.2397%, 628834, 17.5857%, 711, 1804, 17, 16742, 16
A2, i02M3.dat, 52.7253, 0.1, 736735, 1.20742e+06, 61.0174%, 628834, 17.159%, 610, 1804, 16, 16742, 15
A2, i02M3.dat, 54.284, 0.1, 738409, 1.20742e+06, 61.156%, 628834, 17.4251%, 684, 1804, 17, 16742, 16
A2, i02M3.dat, 53.9149, 0.1, 738628, 1.20742e+06, 61.1742%, 628834, 17.4601%, 468, 1804, 18, 16742, 17
A2, i02M3.dat, 55.6244, 0.1, 740651, 1.20742e+06, 61.3417%, 628834, 17.7817%, 180, 1804, 19, 16742, 18
A2, i02M3.dat, 54.3564, 0.1, 737974, 1.20742e+06, 61.12%, 628834, 17.3559%, 268, 1804, 16, 16742, 15
A2, i02M3.dat, 55.8488, 0.1, 736810, 1.20742e+06, 61.0236%, 628834, 17.1709%, 965, 1804, 16, 16742, 15
A2, i02M3.dat, 54.6632, 0.1, 737689, 1.20742e+06, 61.0965%, 628834, 17.3107%, 485, 1804, 18, 16742, 17
A2, i02M3.dat, 56.4707, 0.1, 737509, 1.20742e+06, 61.0816%, 628834, 17.2821%, 762, 1804, 16, 16742, 15
A2, i02M3.dat, 54.8676, 0.1, 739047, 1.20742e+06, 61.2089%, 628834, 17.5267%, 357, 1804, 17, 16742, 16
A2, i02M3.dat, 54.3786, 0.2, 732447, 1.20742e+06, 60.6623%, 628834, 16.4771%, 423, 1804, 12, 16742, 11
A2, i02M3.dat, 55.2581, 0.2, 733303, 1.20742e+06, 60.7331%, 628834, 16.6131%, 889, 1804, 12, 16742, 11
A2, i02M3.dat, 55.4237, 0.2, 733048, 1.20742e+06, 60.7121%, 628834, 16.5727%, 948, 1804, 13, 16742, 12
A2, i02M3.dat, 60.7353, 0.2, 735129, 1.20742e+06, 60.8844%, 628834, 16.9035%, 510, 1804, 13, 16742, 12
A2, i02M3.dat, 54.8019, 0.2, 733809, 1.20742e+06, 60.775%, 628834, 16.6936%, 773, 1804, 13, 16742, 12
A2, i02M3.dat, 55.5886, 0.2, 861312, 1.20742e+06, 71.3351%, 628834, 36.9698%, 261, 1804, 9, 16742, 8
A2, i02M3.dat, 54.7779, 0.2, 860435, 1.20742e+06, 71.2624%, 628834, 36.8303%, 181, 1804, 8, 16742, 7
A2, i02M3.dat, 58.8315, 0.2, 733476, 1.20742e+06, 60.7475%, 628834, 16.6406%, 467, 1804, 13, 16742, 12
A2, i02M3.dat, 58.4758, 0.2, 861500, 1.20742e+06, 71.3506%, 628834, 36.9997%, 93, 1804, 9, 16742, 8
A2, i02M3.dat, 59.5747, 0.2, 735697, 1.20742e+06, 60.9314%, 628834, 16.9939%, 574, 1804, 15, 16742, 14
A2, i02M3.dat, 58.4738, 0.2, 737469, 1.20742e+06, 61.0782%, 628834, 17.2757%, 857, 1804, 15, 16742, 14
A2, i02M3.dat, 63.9204, 0.2, 861467, 1.20742e+06, 71.3479%, 628834, 36.9945%, 236, 1804, 9, 16742, 8
A2, i02M3.dat, 59.598, 0.2, 861306, 1.20742e+06, 71.3346%, 628834, 36.9689%, 162, 1804, 9, 16742, 8
A2, i02M3.dat, 58.6195, 0.2, 735521, 1.20742e+06, 60.9169%, 628834, 16.9659%, 602, 1804, 16, 16742, 15
A2, i02M3.dat, 59.8195, 0.2, 737501, 1.20742e+06, 61.0809%, 628834, 17.2809%, 650, 1804, 16, 16742, 15
A2, i02M3.dat, 55.2155, 0.2, 737582, 1.20742e+06, 61.0876%, 628834, 17.2936%, 658, 1804, 15, 16742, 14
A2, i02M3.dat, 55.8239, 0.2, 732231, 1.20742e+06, 60.6444%, 628834, 16.4427%, 173, 1804, 14, 16742, 13
A2, i02M3.dat, 58.3635, 0.2, 738014, 1.20742e+06, 61.1233%, 628834, 17.3623%, 786, 1804, 16, 16742, 15
A2, i02M3.dat, 60.9563, 0.2, 735237, 1.20742e+06, 60.8933%, 628834, 16.9207%, 557, 1804, 13, 16742, 12
A2, i02M3.dat, 52.9126, 0.2, 861389, 1.20742e+06, 71.3414%, 628834, 36.9819%, 8, 1804, 8, 16742, 7
A2, i02M3.dat, 54.1174, 0.3, 859497, 1.20742e+06, 71.1847%, 628834, 36.6811%, 750, 1804, 7, 16742, 6
A2, i02M3.dat, 56.2671, 0.3, 858048, 1.20742e+06, 71.0647%, 628834, 36.4507%, 85, 1804, 7, 16742, 6
A2, i02M3.dat, 54.3547, 0.3, 859727, 1.20742e+06, 71.2038%, 628834, 36.7177%, 213, 1804, 7, 16742, 6
A2, i02M3.dat, 57.244, 0.3, 859244, 1.20742e+06, 71.1638%, 628834, 36.6409%, 389, 1804, 7, 16742, 6
A2, i02M3.dat, 55.0317, 0.3, 733601, 1.20742e+06, 60.7579%, 628834, 16.6606%, 907, 1804, 12, 16742, 11
A2, i02M3.dat, 54.8328, 0.3, 732995, 1.20742e+06, 60.7077%, 628834, 16.5642%, 323, 1804, 10, 16742, 9
A2, i02M3.dat, 55.9901, 0.3, 859708, 1.20742e+06, 71.2022%, 628834, 36.7147%, 182, 1804, 6, 16742, 5
A2, i02M3.dat, 54.6529, 0.3, 732140, 1.20742e+06, 60.6369%, 628834, 16.4283%, 747, 1804, 11, 16742, 10
A2, i02M3.dat, 54.2604, 0.3, 733115, 1.20742e+06, 60.7176%, 628834, 16.5833%, 83, 1804, 12, 16742, 11
A2, i02M3.dat, 53.2727, 0.3, 730972, 1.20742e+06, 60.5402%, 628834, 16.2426%, 923, 1804, 10, 16742, 9
A2, i02M3.dat, 53.8064, 0.3, 736819, 1.20742e+06, 61.0244%, 628834, 17.1723%, 780, 1804, 13, 16742, 12
A2, i02M3.dat, 53.4949, 0.3, 859824, 1.20742e+06, 71.2118%, 628834, 36.7331%, 720, 1804, 7, 16742, 6
A2, i02M3.dat, 51.0726, 0.3, 859206, 1.20742e+06, 71.1606%, 628834, 36.6348%, 83, 1804, 7, 16742, 6
A2, i02M3.dat, 51.375, 0.3, 732137, 1.20742e+06, 60.6366%, 628834, 16.4278%, 547, 1804, 11, 16742, 10
A2, i02M3.dat, 53.2808, 0.3, 734519, 1.20742e+06, 60.8339%, 628834, 16.8066%, 327, 1804, 11, 16742, 10
A2, i02M3.dat, 53.924, 0.3, 733012, 1.20742e+06, 60.709%, 628834, 16.5669%, 690, 1804, 14, 16742, 13
A2, i02M3.dat, 54.0938, 0.3, 859327, 1.20742e+06, 71.1706%, 628834, 36.6541%, 251, 1804, 6, 16742, 5
A2, i02M3.dat, 55.2201, 0.3, 858159, 1.20742e+06, 71.0739%, 628834, 36.4684%, 761, 1804, 6, 16742, 5
A2, i02M3.dat, 54.5012, 0.3, 732461, 1.20742e+06, 60.6635%, 628834, 16.4793%, 625, 1804, 11, 16742, 10
A2, i02M3.dat, 54.1695, 0.3, 736344, 1.20742e+06, 60.9851%, 628834, 17.0968%, 126, 1804, 15, 16742, 14
A3, i02M3.dat, 101.215, 0.25, 733487, 1.20742e+06, 60.7484%, 628834, 16.6424%, 1799, 1804, 11, 16742, 10
A3, i02M3.dat, 98.1249, 0.45, 733761, 1.20742e+06, 60.7711%, 628834, 16.686%, 1925, 1804, 12, 16742, 11
A3, i02M3.dat, 106.186, 0.25, 735821, 1.20742e+06, 60.9417%, 628834, 17.0136%, 876, 1804, 15, 16742, 14
A3, i02M3.dat, 105.17, 0.35, 732383, 1.20742e+06, 60.657%, 628834, 16.4669%, 1905, 1804, 10, 16742, 9
A3, i02M3.dat, 104.585, 0.15, 736856, 1.20742e+06, 61.0274%, 628834, 17.1782%, 1715, 1804, 15, 16742, 14
A3, i02M3.dat, 103.661, 0.5, 728984, 1.20742e+06, 60.3755%, 628834, 15.9264%, 1013, 1804, 7, 16742, 6
A3, i02M3.dat, 116.692, 0.05, 740191, 1.20742e+06, 61.3036%, 628834, 17.7085%, 1942, 1804, 19, 16742, 18
A3, i02M3.dat, 113.509, 0.3, 732729, 1.20742e+06, 60.6856%, 628834, 16.5219%, 826, 1804, 10, 16742, 9
A3, i02M3.dat, 102.946, 0.35, 730657, 1.20742e+06, 60.514%, 628834, 16.1924%, 1522, 1804, 9, 16742, 8
A3, i02M3.dat, 106.01, 0.2, 739710, 1.20742e+06, 61.2638%, 628834, 17.632%, 804, 1804, 16, 16742, 15
A3, i02M3.dat, 102.01, 0.2, 737005, 1.20742e+06, 61.0398%, 628834, 17.2019%, 1540, 1804, 13, 16742, 12
A3, i02M3.dat, 106.36, 0.25, 735776, 1.20742e+06, 60.938%, 628834, 17.0065%, 1371, 1804, 13, 16742, 12
A3, i02M3.dat, 107.418, 0.3, 733656, 1.20742e+06, 60.7624%, 628834, 16.6693%, 144, 1804, 12, 16742, 11
A3, i02M3.dat, 106.071, 0.05, 741998, 1.20742e+06, 61.4533%, 628834, 17.9959%, 8, 1804, 20, 16742, 19
A3, i02M3.dat, 105.297, 0.2, 734996, 1.20742e+06, 60.8734%, 628834, 16.8823%, 579, 1804, 11, 16742, 10
A3, i02M3.dat, 101.461, 0.15, 736742, 1.20742e+06, 61.018%, 628834, 17.16%, 1555, 1804, 15, 16742, 14
A3, i02M3.dat, 111.228, 0.1, 737914, 1.20742e+06, 61.1151%, 628834, 17.3464%, 980, 1804, 17, 16742, 16
A3, i02M3.dat, 102.905, 0.25, 734806, 1.20742e+06, 60.8577%, 628834, 16.8522%, 1234, 1804, 15, 16742, 14
A3, i02M3.dat, 109.679, 0.1, 740989, 1.20742e+06, 61.3697%, 628834, 17.8354%, 1469, 1804, 19, 16742, 18
A3, i02M3.dat, 102.418, 0.25, 734214, 1.20742e+06, 60.8086%, 628834, 16.758%, 1230, 1804, 14, 16742, 13
A1, i03M1.dat, 0.0745204, 0, 211252, 675044, 31.2946%, 139749, 51.165%, 0, 1809, 21, 16764, 20
A2, i03M1.dat, 51.9229, 0.1, 203951, 675044, 30.2129%, 139749, 45.9402%, 345, 1809, 16, 16764, 15
A2, i03M1.dat, 52.3419, 0.1, 204981, 675044, 30.3655%, 139749, 46.6773%, 827, 1809, 17, 16764, 16
A2, i03M1.dat, 50.6836, 0.1, 206146, 675044, 30.5381%, 139749, 47.5109%, 154, 1809, 17, 16764, 16
A2, i03M1.dat, 50.374, 0.1, 205414, 675044, 30.4297%, 139749, 46.9875%, 586, 1809, 17, 16764, 16
A2, i03M1.dat, 49.208, 0.1, 205820, 675044, 30.4899%, 139749, 47.2781%, 625, 1809, 16, 16764, 15
A2, i03M1.dat, 49.0181, 0.1, 207319, 675044, 30.7119%, 139749, 48.3506%, 734, 1809, 18, 16764, 17
A2, i03M1.dat, 53.8783, 0.1, 206183, 675044, 30.5436%, 139749, 47.5375%, 809, 1809, 18, 16764, 17
A2, i03M1.dat, 49.6403, 0.1, 207304, 675044, 30.7097%, 139749, 48.3399%, 92, 1809, 17, 16764, 16
A2, i03M1.dat, 51.1793, 0.1, 206129, 675044, 30.5356%, 139749, 47.499%, 357, 1809, 16, 16764, 15
A2, i03M1.dat, 50.5094, 0.1, 205712, 675044, 30.4738%, 139749, 47.2006%, 228, 1809, 18, 16764, 17
A2, i03M1.dat, 49.3313, 0.1, 207536, 675044, 30.7441%, 139749, 48.506%, 970, 1809, 19, 16764, 18
A2, i03M1.dat, 50.1235, 0.1, 204592, 675044, 30.308%, 139749, 46.3994%, 108, 1809, 17, 16764, 16
A2, i03M1.dat, 50.8048, 0.1, 205227, 675044, 30.4021%, 139749, 46.8539%, 62, 1809, 16, 16764, 15
A2, i03M1.dat, 51.0708, 0.1, 205495, 675044, 30.4417%, 139749, 47.0455%, 201, 1809, 17, 16764, 16
A2, i03M1.dat, 50.6549, 0.1, 204812, 675044, 30.3404%, 139749, 46.5563%, 619, 1809, 16, 16764, 15
A2, i03M1.dat, 51.9607, 0.1, 206336, 675044, 30.5663%, 139749, 47.6473%, 934, 1809, 17, 16764, 16
A2, i03M1.dat, 48.7059, 0.1, 204823, 675044, 30.3421%, 139749, 46.5644%, 238, 1809, 17, 16764, 16
A2, i03M1.dat, 52.3372, 0.1, 206749, 675044, 30.6274%, 139749, 47.9425%, 420, 1809, 18, 16764, 17
A2, i03M1.dat, 52.268, 0.1, 205664, 675044, 30.4667%, 139749, 47.1661%, 572, 1809, 16, 16764, 15
A2, i03M1.dat, 49.4544, 0.1, 206132, 675044, 30.5361%, 139749, 47.5014%, 931, 1809, 17, 16764, 16
A2, i03M1.dat, 50.0556, 0.2, 203937, 675044, 30.2109%, 139749, 45.9305%, 855, 1809, 14, 16764, 13
A2, i03M1.dat, 48.4114, 0.2, 203878, 675044, 30.2021%, 139749, 45.8881%, 30, 1809, 15, 16764, 14
A2, i03M1.dat, 48.759, 0.2, 201341, 675044, 29.8264%, 139749, 44.073%, 411, 1809, 12, 16764, 11
A2, i03M1.dat, 50.3652, 0.2, 204058, 675044, 30.2289%, 139749, 46.0172%, 519, 1809, 14, 16764, 13
A2, i03M1.dat, 49.0766, 0.2, 203215, 675044, 30.104%, 139749, 45.4142%, 786, 1809, 14, 16764, 13
A2, i03M1.dat, 49.5868, 0.2, 205195, 675044, 30.3973%, 139749, 46.8309%, 469, 1809, 14, 16764, 13
A2, i03M1.dat, 49.2111, 0.2, 204829, 675044, 30.343%, 139749, 46.5688%, 857, 1809, 15, 16764, 14
A2, i03M1.dat, 46.6789, 0.2, 204693, 675044, 30.3229%, 139749, 46.4714%, 223, 1809, 14, 16764, 13
A2, i03M1.dat, 46.666, 0.2, 202417, 675044, 29.9857%, 139749, 44.8426%, 352, 1809, 13, 16764, 12
A2, i03M1.dat, 46.5429, 0.2, 205068, 675044, 30.3785%, 139749, 46.7399%, 179, 1809, 17, 16764, 16
A2, i03M1.dat, 48.4575, 0.2, 200924, 675044, 29.7645%, 139749, 43.7744%, 989, 1809, 13, 16764, 12
A2, i03M1.dat, 50.0383, 0.2, 199531, 675044, 29.5581%, 139749, 42.7774%, 333, 1809, 13, 16764, 12
A2, i03M1.dat, 49.1798, 0.2, 201000, 675044, 29.7759%, 139749, 43.8292%, 550, 1809, 12, 16764, 11
A2, i03M1.dat, 47.8669, 0.2, 203436, 675044, 30.1367%, 139749, 45.5719%, 766, 1809, 16, 16764, 15
A2, i03M1.dat, 47.4405, 0.2, 204359, 675044, 30.2735%, 139749, 46.2328%, 625, 1809, 15, 16764, 14
A2, i03M1.dat, 47.2355, 0.2, 206935, 675044, 30.655%, 139749, 48.0756%, 756, 1809, 17, 16764, 16
A2, i03M1.dat, 49.343, 0.2, 327319, 675044, 48.4885%, 139749, 134.219%, 566, 1809, 8, 16764, 7
A2, i03M1.dat, 48.2894, 0.2, 205493, 675044, 30.4414%, 139749, 47.0439%, 185, 1809, 16, 16764, 15
A2, i03M1.dat, 49.3524, 0.2, 328211, 675044, 48.6206%, 139749, 134.857%, 864, 1809, 9, 16764, 8
A2, i03M1.dat, 47.7577, 0.2, 327553, 675044, 48.5231%, 139749, 134.386%, 601, 1809, 8, 16764, 7
A2, i03M1.dat, 47.322, 0.3, 327253, 675044, 48.4788%, 139749, 134.171%, 922, 1809, 8, 16764, 7
A2, i03M1.dat, 50.8019, 0.3, 200190, 675044, 29.6559%, 139749, 43.2496%, 535, 1809, 11, 16764, 10
A2, i03M1.dat, 50.1618, 0.3, 325881, 675044, 48.2755%, 139749, 133.19%, 581, 1809, 7, 16764, 6
A2, i03M1.dat, 47.4052, 0.3, 327167, 675044, 48.4661%, 139749, 134.11%, 38, 1809, 7, 16764, 6
A2, i03M1.dat, 47.1773, 0.3, 326382, 675044, 48.3497%, 139749, 133.548%, 174, 1809, 6, 16764, 5
A2, i03M1.dat, 47.1358, 0.3, 327114, 675044, 48.4581%, 139749, 134.072%, 767, 1809, 7, 16764, 6
A2, i03M1.dat, 47.1516, 0.3, 327031, 675044, 48.4459%, 139749, 134.013%, 169, 1809, 7, 16764, 6
A2, i03M1.dat, 49.0712, 0.3, 327019, 675044, 48.4441%, 139749, 134.004%, 322, 1809, 7, 16764, 6
A2, i03M1.dat, 50.117, 0.3, 200824, 675044, 29.7498%, 139749, 43.7032%, 756, 1809, 13, 16764, 12
A2, i03M1.dat, 50.0517, 0.3, 201599, 675044, 29.8646%, 139749, 44.2575%, 150, 1809, 11, 16764, 10
A2, i03M1.dat, 50.9256, 0.3, 327176, 675044, 48.4674%, 139749, 134.116%, 846, 1809, 7, 16764, 6
A2, i03M1.dat, 49.9491, 0.3, 197908, 675044, 29.3177%, 139749, 41.6161%, 141, 1809, 10, 16764, 9
A2, i03M1.dat, 50.4245, 0.3, 326776, 675044, 48.408%, 139749, 133.83%, 442, 1809, 7, 16764, 6
A2, i03M1.dat, 50.0376, 0.3, 326495, 675044, 48.3665%, 139749, 133.629%, 772, 1809, 6, 16764, 5
A2, i03M1.dat, 53.5877, 0.3, 199652, 675044, 29.5761%, 139749, 42.8644%, 823, 1809, 10, 16764, 9
A2, i03M1.dat, 52.4953, 0.3, 326038, 675044, 48.2988%, 139749, 133.302%, 724, 1809, 7, 16764, 6
A2, i03M1.dat, 48.2453, 0.3, 325655, 675044, 48.242%, 139749, 133.028%, 535, 1809, 6, 16764, 5
A2, i03M1.dat, 47.7376, 0.3, 327836, 675044, 48.565%, 139749, 134.588%, 165, 1809, 7, 16764, 6
A2, i03M1.dat, 48.6233, 0.3, 327167, 675044, 48.4661%, 139749, 134.11%, 569, 1809, 7, 16764, 6
A2, i03M1.dat, 47.7927, 0.3, 328321, 675044, 48.637%, 139749, 134.936%, 987, 1809, 8, 16764, 7
A3, i03M1.dat, 99.242, 0.1, 203951, 675044, 30.2129%, 139749, 45.9402%, 236, 1809, 16, 16764, 15
A3, i03M1.dat, 102.919, 0.1, 205414, 675044, 30.4297%, 139749, 46.9875%, 617, 1809, 17, 16764, 16
A3, i03M1.dat, 98.6073, 0.05, 208617, 675044, 30.9042%, 139749, 49.2795%, 278, 1809, 20, 16764, 19
A3, i03M1.dat, 101.353, 0.3, 202765, 675044, 30.0373%, 139749, 45.0919%, 807, 1809, 14, 16764, 13
A3, i03M1.dat, 99.0786, 0.1, 205970, 675044, 30.5121%, 139749, 47.3853%, 849, 1809, 16, 16764, 15
A3, i03M1.dat, 99.1976, 0.05, 207782, 675044, 30.7804%, 139749, 48.6815%, 195, 1809, 19, 16764, 18
A3, i03M1.dat, 99.2307, 0.35, 202444, 675044, 29.9898%, 139749, 44.8624%, 203, 1809, 11, 16764, 10
A3, i03M1.dat, 101.101, 0.1, 206606, 675044, 30.6062%, 139749, 47.84%, 1984, 1809, 17, 16764, 16
A3, i03M1.dat, 112.244, 0.25, 202642, 675044, 30.0191%, 139749, 45.004%, 607, 1809, 13, 16764, 12
A3, i03M1.dat, 115.788, 0.05, 207511, 675044, 30.7404%, 139749, 48.4882%, 1490, 1809, 19, 16764, 18
A3, i03M1.dat, 117.654, 0.05, 207469, 675044, 30.7342%, 139749, 48.4581%, 1677, 1809, 18, 16764, 17
A3, i03M1.dat, 114.898, 0.15, 207187, 675044, 30.6923%, 139749, 48.2559%, 1724, 1809, 18, 16764, 17
A3, i03M1.dat, 118.322, 0.5, 196364, 675044, 29.089%, 139749, 40.5114%, 706, 1809, 7, 16764, 6
A3, i03M1.dat, 107.495, 0.15, 207230, 675044, 30.6987%, 139749, 48.2866%, 843, 1809, 15, 16764, 14
A3, i03M1.dat, 100.155, 0.15, 202485, 675044, 29.9957%, 139749, 44.8911%, 1358, 1809, 14, 16764, 13
A3, i03M1.dat, 100.645, 0.1, 206564, 675044, 30.6001%, 139749, 47.8103%, 1360, 1809, 18, 16764, 17
A3, i03M1.dat, 102.809, 0.1, 208211, 675044, 30.8441%, 139749, 48.9891%, 1402, 1809, 19, 16764, 18
A3, i03M1.dat, 102.827, 0.15, 204973, 675044, 30.3644%, 139749, 46.672%, 711, 1809, 16, 16764, 15
A3, i03M1.dat, 101.361, 0.4, 196787, 675044, 29.1517%, 139749, 40.814%, 648, 1809, 8, 16764, 7
A3, i03M1.dat, 104.527, 0.25, 203035, 675044, 30.0773%, 139749, 45.2851%, 1163, 1809, 13, 16764, 12
A1, C3-A.dat, 0.0016251, 0, 444, 439, 101.139%, 414, 7.24638%, 0, 500, 18, 625, 17
A2, C3-A.dat, 0.820479, 0.1, 426, 439, 97.0387%, 414, 2.89855%, 233, 500, 10, 625, 9
A2, C3-A.dat, 0.829324, 0.1, 426, 439, 97.0387%, 414, 2.89855%, 578, 500, 10, 625, 9
A2, C3-A.dat, 0.810727, 0.1, 426, 439, 97.0387%, 414, 2.89855%, 129, 500, 10, 625, 9
A2, C3-A.dat, 0.818364, 0.1, 427, 439, 97.2665%, 414, 3.1401%, 580, 500, 10, 625, 9
A2, C3-A.dat, 0.820461, 0.1, 426, 439, 97.0387%, 414, 2.89855%, 196, 500, 10, 625, 9
A2, C3-A.dat, 0.813254, 0.1, 426, 439, 97.0387%, 414, 2.89855%, 201, 500, 10, 625, 9
A2, C3-A.dat, 0.816124, 0.1, 426, 439, 97.0387%, 414, 2.89855%, 184, 500, 10, 625, 9
A2, C3-A.dat, 0.827604, 0.1, 426, 439, 97.0387%, 414, 2.89855%, 89, 500, 10, 625, 9
A2, C3-A.dat, 0.829629, 0.1, 426, 439, 97.0387%, 414, 2.89855%, 24, 500, 10, 625, 9
A2, C3-A.dat, 0.835025, 0.1, 426, 439, 97.0387%, 414, 2.89855%, 269, 500, 10, 625, 9
A2, C3-A.dat, 0.806369, 0.1, 426, 439, 97.0387%, 414, 2.89855%, 330, 500, 10, 625, 9
A2, C3-A.dat, 0.840021, 0.1, 426, 439, 97.0387%, 414, 2.89855%, 201, 500, 10, 625, 9
A2, C3-A.dat, 0.838636, 0.1, 426, 439, 97.0387%, 414, 2.89855%, 159, 500, 10, 625, 9
A2, C3-A.dat, 0.861906, 0.1, 426, 439, 97.0387%, 414, 2.89855%, 47, 500, 10, 625, 9
A2, C3-A.dat, 0.84855, 0.1, 426, 439, 97.0387%, 414, 2.89855%, 705, 500, 10, 625, 9
A2, C3-A.dat, 0.851207, 0.1, 426, 439, 97.0387%, 414, 2.89855%, 193, 500, 10, 625, 9
A2, C3-A.dat, 0.847988, 0.1, 426, 439, 97.0387%, 414, 2.89855%, 195, 500, 10, 625, 9
A2, C3-A.dat, 0.823612, 0.1, 426, 439, 97.0387%, 414, 2.89855%, 234, 500, 10, 625, 9
A2, C3-A.dat, 0.828196, 0.1, 426, 439, 97.0387%, 414, 2.89855%, 59, 500, 10, 625, 9
A2, C3-A.dat, 0.851447, 0.1, 426, 439, 97.0387%, 414, 2.89855%, 490, 500, 10, 625, 9
A2, C3-A.dat, 0.732704, 0.2, 419, 439, 95.4442%, 414, 1.20773%, 872, 500, 8, 625, 7
A2, C3-A.dat, 0.735996, 0.2, 422, 439, 96.1276%, 414, 1.93237%, 554, 500, 9, 625, 8
A2, C3-A.dat, 0.741401, 0.2, 419, 439, 95.4442%, 414, 1.20773%, 906, 500, 8, 625, 7
A2, C3-A.dat, 0.741491, 0.2, 422, 439, 96.1276%, 414, 1.93237%, 789, 500, 9, 625, 8
A2, C3-A.dat, 0.738937, 0.2, 424, 439, 96.5831%, 414, 2.41546%, 100, 500, 6, 625, 5
A2, C3-A.dat, 0.745972, 0.2, 422, 439, 96.1276%, 414, 1.93237%, 998, 500, 9, 625, 8
A2, C3-A.dat, 0.747891, 0.2, 424, 439, 96.5831%, 414, 2.41546%, 30, 500, 13, 625, 12
A2, C3-A.dat, 0.758832, 0.2, 419, 439, 95.4442%, 414, 1.20773%, 630, 500, 8, 625, 7
A2, C3-A.dat, 0.756563, 0.2, 425, 439, 96.8109%, 414, 2.657%, 850, 500, 7, 625, 6
A2, C3-A.dat, 0.741007, 0.2, 424, 439, 96.5831%, 414, 2.41546%, 111, 500, 6, 625, 5
A2, C3-A.dat, 0.748298, 0.2, 422, 439, 96.1276%, 414, 1.93237%, 809, 500, 9, 625, 8
A2, C3-A.dat, 0.747362, 0.2, 422, 439, 96.1276%, 414, 1.93237%, 811, 500, 9, 625, 8
A2, C3-A.dat, 0.746538, 0.2, 422, 439, 96.1276%, 414, 1.93237%, 280, 500, 9, 625, 8
A2, C3-A.dat, 0.757894, 0.2, 419, 439, 95.4442%, 414, 1.20773%, 192, 500, 8, 625, 7
A2, C3-A.dat, 0.745168, 0.2, 422, 439, 96.1276%, 414, 1.93237%, 172, 500, 9, 625, 8
A2, C3-A.dat, 0.750272, 0.2, 419, 439, 95.4442%, 414, 1.20773%, 367, 500, 8, 625, 7
A2, C3-A.dat, 0.742571, 0.2, 425, 439, 96.8109%, 414, 2.657%, 426, 500, 7, 625, 6
A2, C3-A.dat, 0.74175, 0.2, 422, 439, 96.1276%, 414, 1.93237%, 65, 500, 8, 625, 7
A2, C3-A.dat, 0.744121, 0.2, 422, 439, 96.1276%, 414, 1.93237%, 751, 500, 9, 625, 8
A2, C3-A.dat, 0.738545, 0.2, 419, 439, 95.4442%, 414, 1.20773%, 178, 500, 8, 625, 7
A2, C3-A.dat, 0.689647, 0.3, 423, 439, 96.3554%, 414, 2.17391%, 928, 500, 6, 625, 5
A2, C3-A.dat, 0.696343, 0.3, 419, 439, 95.4442%, 414, 1.20773%, 242, 500, 8, 625, 7
A2, C3-A.dat, 0.693796, 0.3, 419, 439, 95.4442%, 414, 1.20773%, 995, 500, 8, 625, 7
A2, C3-A.dat, 0.698909, 0.3, 418, 439, 95.2164%, 414, 0.966184%, 710, 500, 7, 625, 6
A2, C3-A.dat, 0.693662, 0.3, 423, 439, 96.3554%, 414, 2.17391%, 358, 500, 9, 625, 8
A2, C3-A.dat, 0.695115, 0.3, 419, 439, 95.4442%, 414, 1.20773%, 626, 500, 8, 625, 7
A2, C3-A.dat, 0.697475, 0.3, 419, 439, 95.4442%, 414, 1.20773%, 299, 500, 8, 625, 7
A2, C3-A.dat, 0.699018, 0.3, 419, 439, 95.4442%, 414, 1.20773%, 853, 500, 8, 625, 7
A2, C3-A.dat, 0.695229, 0.3, 419, 439, 95.4442%, 414, 1.20773%, 350, 500, 8, 625, 7
A2, C3-A.dat, 0.697787, 0.3, 418, 439, 95.2164%, 414, 0.966184%, 966, 500, 7, 625, 6
A2, C3-A.dat, 0.695757, 0.3, 419, 439, 95.4442%, 414, 1.20773%, 747, 500, 8, 625, 7
A2, C3-A.dat, 0.707425, 0.3, 419, 439, 95.4442%, 414, 1.20773%, 859, 500, 8, 625, 7
A2, C3-A.dat, 0.691531, 0.3, 421, 439, 95.8998%, 414, 1.69082%, 649, 500, 6, 625, 5
A2, C3-A.dat, 0.694663, 0.3, 422, 439, 96.1276%, 414, 1.93237%, 650, 500, 9, 625, 8
A2, C3-A.dat, 0.690725, 0.3, 419, 439, 95.4442%, 414, 1.20773%, 161, 500, 8, 625, 7
A2, C3-A.dat, 0.695512, 0.3, 420, 439, 95.672%, 414, 1.44928%, 931, 500, 12, 625, 11
A2, C3-A.dat, 0.697793, 0.3, 419, 439, 95.4442%, 414, 1.20773%, 52, 500, 8, 625, 7
A2, C3-A.dat, 0.696216, 0.3, 423, 439, 96.3554%, 414, 2.17391%, 391, 500, 9, 625, 8
A2, C3-A.dat, 0.702481, 0.3, 421, 439, 95.8998%, 414, 1.69082%, 502, 500, 8, 625, 7
A2, C3-A.dat, 0.706161, 0.3, 418, 439, 95.2164%, 414, 0.966184%, 823, 500, 8, 625, 7
A3, C3-A.dat, 1.50685, 0.4, 418, 439, 95.2164%, 414, 0.966184%, 822, 500, 7, 625, 6
A3, C3-A.dat, 1.52963, 0.5, 419, 439, 95.4442%, 414, 1.20773%, 762, 500, 5, 625, 4
A3, C3-A.dat, 1.51474, 0.4, 421, 439, 95.8998%, 414, 1.69082%, 447, 500, 10, 625, 9
A3, C3-A.dat, 1.52482, 0.25, 423, 439, 96.3554%, 414, 2.17391%, 140, 500, 8, 625, 7
A3, C3-A.dat, 1.51411, 0.3, 421, 439, 95.8998%, 414, 1.69082%, 567, 500, 6, 625, 5
A3, C3-A.dat, 1.51451, 0.2, 422, 439, 96.1276%, 414, 1.93237%, 1462, 500, 9, 625, 8
A3, C3-A.dat, 1.5073, 0.5, 423, 439, 96.3554%, 414, 2.17391%, 1466, 500, 7, 625, 6
A3, C3-A.dat, 1.4942, 0.45, 419, 439, 95.4442%, 414, 1.20773%, 492, 500, 5, 625, 4
A3, C3-A.dat, 1.51173, 0.4, 418, 439, 95.2164%, 414, 0.966184%, 1726, 500, 7, 625, 6
A3, C3-A.dat, 1.51921, 0.45, 422, 439, 96.1276%, 414, 1.93237%, 523, 500, 7, 625, 6
A3, C3-A.dat, 1.51222, 0.3, 423, 439, 96.3554%, 414, 2.17391%, 1271, 500, 9, 625, 8
A3, C3-A.dat, 1.50468, 0.3, 420, 439, 95.672%, 414, 1.44928%, 324, 500, 12, 625, 11
A3, C3-A.dat, 1.53327, 0.4, 421, 439, 95.8998%, 414, 1.69082%, 390, 500, 6, 625, 5
A3, C3-A.dat, 1.53435, 0.3, 419, 439, 95.4442%, 414, 1.20773%, 1937, 500, 8, 625, 7
A3, C3-A.dat, 1.52022, 0.25, 423, 439, 96.3554%, 414, 2.17391%, 1922, 500, 7, 625, 6
A3, C3-A.dat, 1.52556, 0.5, 421, 439, 95.8998%, 414, 1.69082%, 524, 500, 6, 625, 5
A3, C3-A.dat, 1.51528, 0.35, 423, 439, 96.3554%, 414, 2.17391%, 1930, 500, 7, 625, 6
A3, C3-A.dat, 1.51371, 0.5, 421, 439, 95.8998%, 414, 1.69082%, 1872, 500, 5, 625, 4
A3, C3-A.dat, 1.53053, 0.35, 420, 439, 95.672%, 414, 1.44928%, 281, 500, 11, 625, 10
A3, C3-A.dat, 1.51096, 0.5, 421, 439, 95.8998%, 414, 1.69082%, 59, 500, 5, 625, 4
A1, C2-A.dat, 0.000959126, 0, 59, 59, 100%, 50, 18%, 0, 500, 4, 625, 3
A2, C2-A.dat, 0.662861, 0.1, 54, 59, 91.5254%, 50, 8%, 257, 500, 1, 625, 0
A2, C2-A.dat, 0.66319, 0.1, 54, 59, 91.5254%, 50, 8%, 131, 500, 1, 625, 0
A2, C2-A.dat, 0.666567, 0.1, 54, 59, 91.5254%, 50, 8%, 41, 500, 1, 625, 0
A2, C2-A.dat, 0.675183, 0.1, 54, 59, 91.5254%, 50, 8%, 102, 500, 1, 625, 0
A2, C2-A.dat, 0.670095, 0.1, 54, 59, 91.5254%, 50, 8%, 5, 500, 1, 625, 0
A2, C2-A.dat, 0.674122, 0.1, 54, 59, 91.5254%, 50, 8%, 6, 500, 1, 625, 0
A2, C2-A.dat, 0.669787, 0.1, 54, 59, 91.5254%, 50, 8%, 28, 500, 1, 625, 0
A2, C2-A.dat, 0.668251, 0.1, 54, 59, 91.5254%, 50, 8%, 97, 500, 1, 625, 0
A2, C2-A.dat, 0.674456, 0.1, 54, 59, 91.5254%, 50, 8%, 27, 500, 1, 625, 0
A2, C2-A.dat, 0.669369, 0.1, 54, 59, 91.5254%, 50, 8%, 20, 500, 1, 625, 0
A2, C2-A.dat, 0.674369, 0.1, 54, 59, 91.5254%, 50, 8%, 123, 500, 1, 625, 0
A2, C2-A.dat, 0.677461, 0.1, 54, 59, 91.5254%, 50, 8%, 36, 500, 1, 625, 0
A2, C2-A.dat, 0.674521, 0.1, 54, 59, 91.5254%, 50, 8%, 86, 500, 1, 625, 0
A2, C2-A.dat, 0.666226, 0.1, 54, 59, 91.5254%, 50, 8%, 83, 500, 1, 625, 0
A2, C2-A.dat, 0.66943, 0.1, 54, 59, 91.5254%, 50, 8%, 135, 500, 1, 625, 0
A2, C2-A.dat, 0.669846, 0.1, 54, 59, 91.5254%, 50, 8%, 19, 500, 1, 625, 0
A2, C2-A.dat, 0.670702, 0.1, 54, 59, 91.5254%, 50, 8%, 96, 500, 1, 625, 0
A2, C2-A.dat, 0.67134, 0.1, 54, 59, 91.5254%, 50, 8%, 47, 500, 1, 625, 0
A2, C2-A.dat, 0.672443, 0.1, 54, 59, 91.5254%, 50, 8%, 50, 500, 1, 625, 0
A2, C2-A.dat, 0.669963, 0.1, 54, 59, 91.5254%, 50, 8%, 24, 500, 1, 625, 0
A2, C2-A.dat, 0.649933, 0.2, 54, 59, 91.5254%, 50, 8%, 49, 500, 1, 625, 0
A2, C2-A.dat, 0.661091, 0.2, 54, 59, 91.5254%, 50, 8%, 26, 500, 1, 625, 0
A2, C2-A.dat, 0.653836, 0.2, 54, 59, 91.5254%, 50, 8%, 49, 500, 1, 625, 0
A2, C2-A.dat, 0.656561, 0.2, 54, 59, 91.5254%, 50, 8%, 6, 500, 1, 625, 0
A2, C2-A.dat, 0.649938, 0.2, 54, 59, 91.5254%, 50, 8%, 17, 500, 1, 625, 0
A2, C2-A.dat, 0.657194, 0.2, 54, 59, 91.5254%, 50, 8%, 12, 500, 1, 625, 0
A2, C2-A.dat, 0.653289, 0.2, 54, 59, 91.5254%, 50, 8%, 71, 500, 1, 625, 0
A2, C2-A.dat, 0.653316, 0.2, 54, 59, 91.5254%, 50, 8%, 6, 500, 1, 625, 0
A2, C2-A.dat, 0.653696, 0.2, 54, 59, 91.5254%, 50, 8%, 5, 500, 1, 625, 0
A2, C2-A.dat, 0.653935, 0.2, 54, 59, 91.5254%, 50, 8%, 15, 500, 1, 625, 0
A2, C2-A.dat, 0.66007, 0.2, 54, 59, 91.5254%, 50, 8%, 1, 500, 1, 625, 0
A2, C2-A.dat, 0.658054, 0.2, 54, 59, 91.5254%, 50, 8%, 3, 500, 1, 625, 0
A2, C2-A.dat, 0.65527, 0.2, 54, 59, 91.5254%, 50, 8%, 20, 500, 1, 625, 0
A2, C2-A.dat, 0.655825, 0.2, 54, 59, 91.5254%, 50, 8%, 26, 500, 1, 625, 0
A2, C2-A.dat, 0.653964, 0.2, 54, 59, 91.5254%, 50, 8%, 30, 500, 1, 625, 0
A2, C2-A.dat, 0.65504, 0.2, 54, 59, 91.5254%, 50, 8%, 103, 500, 1, 625, 0
A2, C2-A.dat, 0.652065, 0.2, 54, 59, 91.5254%, 50, 8%, 17, 500, 1, 625, 0
A2, C2-A.dat, 0.65413, 0.2, 54, 59, 91.5254%, 50, 8%, 26, 500, 1, 625, 0
A2, C2-A.dat, 0.653478, 0.2, 54, 59, 91.5254%, 50, 8%, 2, 500, 1, 625, 0
A2, C2-A.dat, 0.659566, 0.2, 54, 59, 91.5254%, 50, 8%, 28, 500, 1, 625, 0
A2, C2-A.dat, 0.651031, 0.3, 53, 59, 89.8305%, 50, 6%, 88, 500, 2, 625, 1
A2, C2-A.dat, 0.649222, 0.3, 53, 59, 89.8305%, 50, 6%, 210, 500, 2, 625, 1
A2, C2-A.dat, 0.655043, 0.3, 53, 59, 89.8305%, 50, 6%, 92, 500, 2, 625, 1
A2, C2-A.dat, 0.65411, 0.3, 53, 59, 89.8305%, 50, 6%, 99, 500, 2, 625, 1
A2, C2-A.dat, 0.651089, 0.3, 53, 59, 89.8305%, 50, 6%, 58, 500, 2, 625, 1
A2, C2-A.dat, 0.648748, 0.3, 53, 59, 89.8305%, 50, 6%, 185, 500, 2, 625, 1
A2, C2-A.dat, 0.647395, 0.3, 53, 59, 89.8305%, 50, 6%, 66, 500, 2, 625, 1
A2, C2-A.dat, 0.651817, 0.3, 53, 59, 89.8305%, 50, 6%, 135, 500, 2, 625, 1
A2, C2-A.dat, 0.649912, 0.3, 53, 59, 89.8305%, 50, 6%, 36, 500, 2, 625, 1
A2, C2-A.dat, 0.662688, 0.3, 53, 59, 89.8305%, 50, 6%, 74, 500, 2, 625, 1
A2, C2-A.dat, 0.648272, 0.3, 53, 59, 89.8305%, 50, 6%, 138, 500, 2, 625, 1
A2, C2-A.dat, 0.656023, 0.3, 53, 59, 89.8305%, 50, 6%, 200, 500, 2, 625, 1
A2, C2-A.dat, 0.65643, 0.3, 53, 59, 89.8305%, 50, 6%, 244, 500, 2, 625, 1
A2, C2-A.dat, 0.649009, 0.3, 53, 59, 89.8305%, 50, 6%, 196, 500, 2, 625, 1
A2, C2-A.dat, 0.648247, 0.3, 53, 59, 89.8305%, 50, 6%, 96, 500, 2, 625, 1
A2, C2-A.dat, 0.650754, 0.3, 53, 59, 89.8305%, 50, 6%, 120, 500, 2, 625, 1
A2, C2-A.dat, 0.66099, 0.3, 53, 59, 89.8305%, 50, 6%, 27, 500, 2, 625, 1
A2, C2-A.dat, 0.663901, 0.3, 53, 59, 89.8305%, 50, 6%, 178, 500, 2, 625, 1
A2, C2-A.dat, 0.654885, 0.3, 53, 59, 89.8305%, 50, 6%, 122, 500, 2, 625, 1
A2, C2-A.dat, 0.657642, 0.3, 53, 59, 89.8305%, 50, 6%, 181, 500, 2, 625, 1
A3, C2-A.dat, 1.38914, 0.3, 53, 59, 89.8305%, 50, 6%, 468, 500, 2, 625, 1
A3, C2-A.dat, 1.37423, 0.4, 53, 59, 89.8305%, 50, 6%, 98, 500, 2, 625, 1
A3, C2-A.dat, 1.37199, 0.5, 53, 59, 89.8305%, 50, 6%, 642, 500, 2, 625, 1
A3, C2-A.dat, 1.36802, 0.5, 53, 59, 89.8305%, 50, 6%, 144, 500, 2, 625, 1
A3, C2-A.dat, 1.35662, 0.45, 53, 59, 89.8305%, 50, 6%, 19, 500, 2, 625, 1
A3, C2-A.dat, 1.38104, 0.5, 53, 59, 89.8305%, 50, 6%, 191, 500, 2, 625, 1
A3, C2-A.dat, 1.35655, 0.3, 53, 59, 89.8305%, 50, 6%, 574, 500, 2, 625, 1
A3, C2-A.dat, 1.3578, 0.4, 53, 59, 89.8305%, 50, 6%, 26, 500, 2, 625, 1
A3, C2-A.dat, 1.35251, 0.3, 53, 59, 89.8305%, 50, 6%, 28, 500, 2, 625, 1
A3, C2-A.dat, 1.35441, 0.5, 53, 59, 89.8305%, 50, 6%, 269, 500, 2, 625, 1
A3, C2-A.dat, 1.35409, 0.35, 53, 59, 89.8305%, 50, 6%, 30, 500, 2, 625, 1
A3, C2-A.dat, 1.35492, 0.3, 53, 59, 89.8305%, 50, 6%, 221, 500, 2, 625, 1
A3, C2-A.dat, 1.35599, 0.3, 53, 59, 89.8305%, 50, 6%, 187, 500, 2, 625, 1
A3, C2-A.dat, 1.35353, 0.35, 53, 59, 89.8305%, 50, 6%, 572, 500, 2, 625, 1
A3, C2-A.dat, 1.35116, 0.4, 53, 59, 89.8305%, 50, 6%, 116, 500, 2, 625, 1
A3, C2-A.dat, 1.384, 0.3, 53, 59, 89.8305%, 50, 6%, 51, 500, 2, 625, 1
A3, C2-A.dat, 1.36669, 0.3, 53, 59, 89.8305%, 50, 6%, 261, 500, 2, 625, 1
A3, C2-A.dat, 1.35683, 0.5, 53, 59, 89.8305%, 50, 6%, 909, 500, 2, 625, 1
A3, C2-A.dat, 1.35989, 0.3, 53, 59, 89.8305%, 50, 6%, 99, 500, 2, 625, 1
A3, C2-A.dat, 1.35277, 0.35, 53, 59, 89.8305%, 50, 6%, 380, 500, 2, 625, 1
A1, D12-A.dat, 0.0176152, 0, 117, 59, 198.305%, 42, 178.571%, 0, 1000, 21, 5000, 20
A2, D12-A.dat, 9.64736, 0.1, 58, 59, 98.3051%, 42, 38.0952%, 409, 1000, 3, 5000, 2
A2, D12-A.dat, 10.1308, 0.1, 55, 59, 93.2203%, 42, 30.9524%, 931, 1000, 3, 5000, 2
A2, D12-A.dat, 10.0385, 0.1, 55, 59, 93.2203%, 42, 30.9524%, 564, 1000, 3, 5000, 2
A2, D12-A.dat, 10.6007, 0.1, 55, 59, 93.2203%, 42, 30.9524%, 178, 1000, 3, 5000, 2
A2, D12-A.dat, 9.28801, 0.1, 55, 59, 93.2203%, 42, 30.9524%, 315, 1000, 3, 5000, 2
A2, D12-A.dat, 10.2278, 0.1, 57, 59, 96.6102%, 42, 35.7143%, 267, 1000, 3, 5000, 2
A2, D12-A.dat, 9.53445, 0.1, 57, 59, 96.6102%, 42, 35.7143%, 394, 1000, 3, 5000, 2
A2, D12-A.dat, 10.1405, 0.1, 57, 59, 96.6102%, 42, 35.7143%, 368, 1000, 3, 5000, 2
A2, D12-A.dat, 10.1928, 0.1, 57, 59, 96.6102%, 42, 35.7143%, 297, 1000, 3, 5000, 2
A2, D12-A.dat, 9.80993, 0.1, 55, 59, 93.2203%, 42, 30.9524%, 833, 1000, 3, 5000, 2
A2, D12-A.dat, 9.5668, 0.1, 55, 59, 93.2203%, 42, 30.9524%, 346, 1000, 3, 5000, 2
A2, D12-A.dat, 9.81076, 0.1, 57, 59, 96.6102%, 42, 35.7143%, 198, 1000, 3, 5000, 2
A2, D12-A.dat, 9.90917, 0.1, 57, 59, 96.6102%, 42, 35.7143%, 245, 1000, 3, 5000, 2
A2, D12-A.dat, 9.92087, 0.1, 55, 59, 93.2203%, 42, 30.9524%, 102, 1000, 3, 5000, 2
A2, D12-A.dat, 9.70405, 0.1, 57, 59, 96.6102%, 42, 35.7143%, 601, 1000, 3, 5000, 2
A2, D12-A.dat, 10.4895, 0.1, 55, 59, 93.2203%, 42, 30.9524%, 94, 1000, 3, 5000, 2
A2, D12-A.dat, 10.0471, 0.1, 55, 59, 93.2203%, 42, 30.9524%, 852, 1000, 3, 5000, 2
A2, D12-A.dat, 10.5193, 0.1, 55, 59, 93.2203%, 42, 30.9524%, 594, 1000, 3, 5000, 2
A2, D12-A.dat, 10.0878, 0.1, 57, 59, 96.6102%, 42, 35.7143%, 175, 1000, 3, 5000, 2
A2, D12-A.dat, 10.2161, 0.1, 55, 59, 93.2203%, 42, 30.9524%, 87, 1000, 3, 5000, 2
A2, D12-A.dat, 10.0552, 0.2, 55, 59, 93.2203%, 42, 30.9524%, 146, 1000, 2, 5000, 1
A2, D12-A.dat, 9.69096, 0.2, 55, 59, 93.2203%, 42, 30.9524%, 170, 1000, 3, 5000, 2
A2, D12-A.dat, 9.61292, 0.2, 55, 59, 93.2203%, 42, 30.9524%, 504, 1000, 3, 5000, 2
A2, D12-A.dat, 9.84093, 0.2, 54, 59, 91.5254%, 42, 28.5714%, 984, 1000, 2, 5000, 1
A2, D12-A.dat, 10.3236, 0.2, 55, 59, 93.2203%, 42, 30.9524%, 191, 1000, 2, 5000, 1
A2, D12-A.dat, 10.2128, 0.2, 55, 59, 93.2203%, 42, 30.9524%, 186, 1000, 2, 5000, 1
A2, D12-A.dat, 9.80819, 0.2, 55, 59, 93.2203%, 42, 30.9524%, 98, 1000, 2, 5000, 1
A2, D12-A.dat, 8.95644, 0.2, 55, 59, 93.2203%, 42, 30.9524%, 62, 1000, 2, 5000, 1
A2, D12-A.dat, 8.74812, 0.2, 55, 59, 93.2203%, 42, 30.9524%, 32, 1000, 2, 5000, 1
A2, D12-A.dat, 9.04248, 0.2, 55, 59, 93.2203%, 42, 30.9524%, 478, 1000, 3, 5000, 2
A2, D12-A.dat, 8.69403, 0.2, 55, 59, 93.2203%, 42, 30.9524%, 339, 1000, 2, 5000, 1
A2, D12-A.dat, 9.24389, 0.2, 55, 59, 93.2203%, 42, 30.9524%, 112, 1000, 2, 5000, 1
A2, D12-A.dat, 8.76917, 0.2, 55, 59, 93.2203%, 42, 30.9524%, 78, 1000, 4, 5000, 3
A2, D12-A.dat, 8.85604, 0.2, 56, 59, 94.9153%, 42, 33.3333%, 177, 1000, 2, 5000, 1
A2, D12-A.dat, 9.05338, 0.2, 55, 59, 93.2203%, 42, 30.9524%, 749, 1000, 3, 5000, 2
A2, D12-A.dat, 8.90373, 0.2, 55, 59, 93.2203%, 42, 30.9524%, 335, 1000, 3, 5000, 2
A2, D12-A.dat, 9.51309, 0.2, 55, 59, 93.2203%, 42, 30.9524%, 171, 1000, 3, 5000, 2
A2, D12-A.dat, 9.66954, 0.2, 55, 59, 93.2203%, 42, 30.9524%, 127, 1000, 2, 5000, 1
A2, D12-A.dat, 9.42158, 0.2, 55, 59, 93.2203%, 42, 30.9524%, 152, 1000, 3, 5000, 2
A2, D12-A.dat, 9.3063, 0.2, 55, 59, 93.2203%, 42, 30.9524%, 337, 1000, 4, 5000, 3
A2, D12-A.dat, 9.05916, 0.3, 54, 59, 91.5254%, 42, 28.5714%, 114, 1000, 6, 5000, 5
A2, D12-A.dat, 9.24084, 0.3, 52, 59, 88.1356%, 42, 23.8095%, 465, 1000, 2, 5000, 1
A2, D12-A.dat, 9.95409, 0.3, 52, 59, 88.1356%, 42, 23.8095%, 488, 1000, 2, 5000, 1
A2, D12-A.dat, 9.59077, 0.3, 52, 59, 88.1356%, 42, 23.8095%, 74, 1000, 2, 5000, 1
A2, D12-A.dat, 9.53835, 0.3, 52, 59, 88.1356%, 42, 23.8095%, 649, 1000, 2, 5000, 1
A2, D12-A.dat, 10.04, 0.3, 53, 59, 89.8305%, 42, 26.1905%, 644, 1000, 3, 5000, 2
A2, D12-A.dat, 10.0212, 0.3, 52, 59, 88.1356%, 42, 23.8095%, 403, 1000, 2, 5000, 1
A2, D12-A.dat, 9.222, 0.3, 54, 59, 91.5254%, 42, 28.5714%, 256, 1000, 2, 5000, 1
A2, D12-A.dat, 9.72384, 0.3, 54, 59, 91.5254%, 42, 28.5714%, 416, 1000, 4, 5000, 3
A2, D12-A.dat, 9.40529, 0.3, 52, 59, 88.1356%, 42, 23.8095%, 176, 1000, 2, 5000, 1
A2, D12-A.dat, 9.65054, 0.3, 52, 59, 88.1356%, 42, 23.8095%, 366, 1000, 2, 5000, 1
A2, D12-A.dat, 9.92639, 0.3, 52, 59, 88.1356%, 42, 23.8095%, 182, 1000, 2, 5000, 1
A2, D12-A.dat, 10.1494, 0.3, 52, 59, 88.1356%, 42, 23.8095%, 38, 1000, 2, 5000, 1
A2, D12-A.dat, 9.89726, 0.3, 53, 59, 89.8305%, 42, 26.1905%, 523, 1000, 6, 5000, 5
A2, D12-A.dat, 9.08785, 0.3, 52, 59, 88.1356%, 42, 23.8095%, 732, 1000, 2, 5000, 1
A2, D12-A.dat, 9.50089, 0.3, 54, 59, 91.5254%, 42, 28.5714%, 217, 1000, 2, 5000, 1
A2, D12-A.dat, 9.9031, 0.3, 52, 59, 88.1356%, 42, 23.8095%, 523, 1000, 2, 5000, 1
A2, D12-A.dat, 9.42785, 0.3, 54, 59, 91.5254%, 42, 28.5714%, 695, 1000, 2, 5000, 1
A2, D12-A.dat, 9.54627, 0.3, 54, 59, 91.5254%, 42, 28.5714%, 46, 1000, 5, 5000, 4
A2, D12-A.dat, 9.46167, 0.3, 52, 59, 88.1356%, 42, 23.8095%, 653, 1000, 2, 5000, 1
A3, D12-A.dat, 19.0686, 0.45, 54, 59, 91.5254%, 42, 28.5714%, 272, 1000, 2, 5000, 1
A3, D12-A.dat, 19.3504, 0.35, 51, 59, 86.4407%, 42, 21.4286%, 733, 1000, 4, 5000, 3
A3, D12-A.dat, 18.681, 0.45, 52, 59, 88.1356%, 42, 23.8095%, 380, 1000, 2, 5000, 1
A3, D12-A.dat, 19.4426, 0.3, 52, 59, 88.1356%, 42, 23.8095%, 1214, 1000, 2, 5000, 1
A3, D12-A.dat, 19.8771, 0.25, 52, 59, 88.1356%, 42, 23.8095%, 1453, 1000, 2, 5000, 1
A3, D12-A.dat, 18.4384, 0.35, 52, 59, 88.1356%, 42, 23.8095%, 1371, 1000, 2, 5000, 1
A3, D12-A.dat, 20.0492, 0.4, 52, 59, 88.1356%, 42, 23.8095%, 71, 1000, 2, 5000, 1
A3, D12-A.dat, 19.9906, 0.3, 52, 59, 88.1356%, 42, 23.8095%, 1609, 1000, 2, 5000, 1
A3, D12-A.dat, 20.2748, 0.45, 51, 59, 86.4407%, 42, 21.4286%, 1315, 1000, 4, 5000, 3
A3, D12-A.dat, 19.5295, 0.35, 54, 59, 91.5254%, 42, 28.5714%, 680, 1000, 2, 5000, 1
A3, D12-A.dat, 19.5907, 0.4, 52, 59, 88.1356%, 42, 23.8095%, 626, 1000, 2, 5000, 1
A3, D12-A.dat, 18.9671, 0.3, 52, 59, 88.1356%, 42, 23.8095%, 1409, 1000, 2, 5000, 1
A3, D12-A.dat, 19.369, 0.5, 51, 59, 86.4407%, 42, 21.4286%, 939, 1000, 2, 5000, 1
A3, D12-A.dat, 19.902, 0.5, 52, 59, 88.1356%, 42, 23.8095%, 142, 1000, 2, 5000, 1
A3, D12-A.dat, 20.4145, 0.45, 51, 59, 86.4407%, 42, 21.4286%, 4, 1000, 4, 5000, 3
A3, D12-A.dat, 19.6903, 0.25, 52, 59, 88.1356%, 42, 23.8095%, 598, 1000, 2, 5000, 1
A3, D12-A.dat, 19.917, 0.25, 52, 59, 88.1356%, 42, 23.8095%, 356, 1000, 2, 5000, 1
A3, D12-A.dat, 19.737, 0.4, 54, 59, 91.5254%, 42, 28.5714%, 331, 1000, 3, 5000, 2
A3, D12-A.dat, 20.525, 0.5, 54, 59, 91.5254%, 42, 28.5714%, 631, 1000, 1, 5000, 0
A3, D12-A.dat, 19.1675, 0.5, 52, 59, 88.1356%, 42, 23.8095%, 813, 1000, 2, 5000, 1
A1, i01M1.dat, 0.0448196, 0, 119925, 119925, 100%, 109272, 9.74932%, 0, 1803, 1, 16745, 0
A2, i01M1.dat, 46.2208, 0.1, 119925, 119925, 100%, 109272, 9.74932%, 0, 1803, 0, 16745, 0
A2, i01M1.dat, 49.5033, 0.1, 119925, 119925, 100%, 109272, 9.74932%, 0, 1803, 0, 16745, 0
A2, i01M1.dat, 48.7901, 0.1, 119925, 119925, 100%, 109272, 9.74932%, 0, 1803, 0, 16745, 0
A2, i01M1.dat, 53.4674, 0.1, 119925, 119925, 100%, 109272, 9.74932%, 0, 1803, 0, 16745, 0
A2, i01M1.dat, 49.041, 0.1, 119925, 119925, 100%, 109272, 9.74932%, 0, 1803, 0, 16745, 0
A2, i01M1.dat, 49.6458, 0.1, 119925, 119925, 100%, 109272, 9.74932%, 0, 1803, 0, 16745, 0
A2, i01M1.dat, 47.6136, 0.1, 119925, 119925, 100%, 109272, 9.74932%, 0, 1803, 0, 16745, 0
A2, i01M1.dat, 49.945, 0.1, 119925, 119925, 100%, 109272, 9.74932%, 0, 1803, 0, 16745, 0
A2, i01M1.dat, 46.7262, 0.1, 119925, 119925, 100%, 109272, 9.74932%, 0, 1803, 0, 16745, 0
A2, i01M1.dat, 51.9318, 0.1, 119925, 119925, 100%, 109272, 9.74932%, 0, 1803, 0, 16745, 0
A2, i01M1.dat, 47.3972, 0.1, 119925, 119925, 100%, 109272, 9.74932%, 0, 1803, 0, 16745, 0
A2, i01M1.dat, 47.5034, 0.1, 119925, 119925, 100%, 109272, 9.74932%, 0, 1803, 0, 16745, 0
A2, i01M1.dat, 45.8624, 0.1, 119925, 119925, 100%, 109272, 9.74932%, 0, 1803, 0, 16745, 0
A2, i01M1.dat, 47.0333, 0.1, 119925, 119925, 100%, 109272, 9.74932%, 0, 1803, 0, 16745, 0
A2, i01M1.dat, 45.2125, 0.1, 119925, 119925, 100%, 109272, 9.74932%, 0, 1803, 0, 16745, 0
A2, i01M1.dat, 46.6484, 0.1, 119925, 119925, 100%, 109272, 9.74932%, 0, 1803, 0, 16745, 0
A2, i01M1.dat, 45.8342, 0.1, 119925, 119925, 100%, 109272, 9.74932%, 0, 1803, 0, 16745, 0
A2, i01M1.dat, 48.8973, 0.1, 119925, 119925, 100%, 109272, 9.74932%, 0, 1803, 0, 16745, 0
A2, i01M1.dat, 52.9225, 0.1, 119925, 119925, 100%, 109272, 9.74932%, 0, 1803, 0, 16745, 0
A2, i01M1.dat, 51.5441, 0.1, 119925, 119925, 100%, 109272, 9.74932%, 0, 1803, 0, 16745, 0
A2, i01M1.dat, 54.2719, 0.2, 119925, 119925, 100%, 109272, 9.74932%, 0, 1803, 0, 16745, 0
A2, i01M1.dat, 51.363, 0.2, 119925, 119925, 100%, 109272, 9.74932%, 0, 1803, 0, 16745, 0
A2, i01M1.dat, 46.948, 0.2, 119925, 119925, 100%, 109272, 9.74932%, 0, 1803, 0, 16745, 0
A2, i01M1.dat, 48.9189, 0.2, 119925, 119925, 100%, 109272, 9.74932%, 0, 1803, 0, 16745, 0
A2, i01M1.dat, 49.1778, 0.2, 119925, 119925, 100%, 109272, 9.74932%, 0, 1803, 0, 16745, 0
A2, i01M1.dat, 49.6567, 0.2, 119925, 119925, 100%, 109272, 9.74932%, 0, 1803, 0, 16745, 0
A2, i01M1.dat, 47.1334, 0.2, 119925, 119925, 100%, 109272, 9.74932%, 0, 1803, 0, 16745, 0
A2, i01M1.dat, 51.3584, 0.2, 119925, 119925, 100%, 109272, 9.74932%, 0, 1803, 0, 16745, 0
A2, i01M1.dat, 47.4868, 0.2, 119925, 119925, 100%, 109272, 9.74932%, 0, 1803, 0, 16745, 0
A2, i01M1.dat, 49.7341, 0.2, 119925, 119925, 100%, 109272, 9.74932%, 0, 1803, 0, 16745, 0
A2, i01M1.dat, 48.0167, 0.2, 119925, 119925, 100%, 109272, 9.74932%, 0, 1803, 0, 16745, 0
A2, i01M1.dat, 47.6163, 0.2, 119925, 119925, 100%, 109272, 9.74932%, 0, 1803, 0, 16745, 0
A2, i01M1.dat, 46.3294, 0.2, 119925, 119925, 100%, 109272, 9.74932%, 0, 1803, 0, 16745, 0
A2, i01M1.dat, 47.9394, 0.2, 119925, 119925, 100%, 109272, 9.74932%, 0, 1803, 0, 16745, 0
A2, i01M1.dat, 46.3871, 0.2, 119925, 119925, 100%, 109272, 9.74932%, 0, 1803, 0, 16745, 0
A2, i01M1.dat, 47.5413, 0.2, 119925, 119925, 100%, 109272, 9.74932%, 0, 1803, 0, 16745, 0
A2, i01M1.dat, 46.2794, 0.2, 119925, 119925, 100%, 109272, 9.74932%, 0, 1803, 0, 16745, 0
A2, i01M1.dat, 47.5259, 0.2, 119925, 119925, 100%, 109272, 9.74932%, 0, 1803, 0, 16745, 0
A2, i01M1.dat, 46.6358, 0.2, 119925, 119925, 100%, 109272, 9.74932%, 0, 1803, 0, 16745, 0
A2, i01M1.dat, 47.6643, 0.2, 119925, 119925, 100%, 109272, 9.74932%, 0, 1803, 0, 16745, 0
A2, i01M1.dat, 46.5339, 0.3, 119925, 119925, 100%, 109272, 9.74932%, 0, 1803, 0, 16745, 0
A2, i01M1.dat, 47.5389, 0.3, 119925, 119925, 100%, 109272, 9.74932%, 0, 1803, 0, 16745, 0
A2, i01M1.dat, 47.7151, 0.3, 119925, 119925, 100%, 109272, 9.74932%, 0, 1803, 0, 16745, 0
A2, i01M1.dat, 49.181, 0.3, 119925, 119925, 100%, 109272, 9.74932%, 0, 1803, 0, 16745, 0
A2, i01M1.dat, 49.0547, 0.3, 119925, 119925, 100%, 109272, 9.74932%, 0, 1803, 0, 16745, 0
A2, i01M1.dat, 50.5569, 0.3, 119925, 119925, 100%, 109272, 9.74932%, 0, 1803, 0, 16745, 0
A2, i01M1.dat, 47.6323, 0.3, 119925, 119925, 100%, 109272, 9.74932%, 0, 1803, 0, 16745, 0
A2, i01M1.dat, 47.4521, 0.3, 119925, 119925, 100%, 109272, 9.74932%, 0, 1803, 0, 16745, 0
A2, i01M1.dat, 46.277, 0.3, 119925, 119925, 100%, 109272, 9.74932%, 0, 1803, 0, 16745, 0
A2, i01M1.dat, 47.7407, 0.3, 119925, 119925, 100%, 109272, 9.74932%, 0, 1803, 0, 16745, 0
A2, i01M1.dat, 48.4949, 0.3, 119925, 119925, 100%, 109272, 9.74932%, 0, 1803, 0, 16745, 0
A2, i01M1.dat, 50.2765, 0.3, 119925, 119925, 100%, 109272, 9.74932%, 0, 1803, 0, 16745, 0
A2, i01M1.dat, 48.6754, 0.3, 119925, 119925, 100%, 109272, 9.74932%, 0, 1803, 0, 16745, 0
A2, i01M1.dat, 49.3039, 0.3, 119925, 119925, 100%, 109272, 9.74932%, 0, 1803, 0, 16745, 0
A2, i01M1.dat, 48.0264, 0.3, 119925, 119925, 100%, 109272, 9.74932%, 0, 1803, 0, 16745, 0
A2, i01M1.dat, 50.9525, 0.3, 119925, 119925, 100%, 109272, 9.74932%, 0, 1803, 0, 16745, 0
A2, i01M1.dat, 49.2027, 0.3, 119925, 119925, 100%, 109272, 9.74932%, 0, 1803, 0, 16745, 0
A2, i01M1.dat, 49.0184, 0.3, 119925, 119925, 100%, 109272, 9.74932%, 0, 1803, 0, 16745, 0
A2, i01M1.dat, 48.8861, 0.3, 119925, 119925, 100%, 109272, 9.74932%, 0, 1803, 0, 16745, 0
A2, i01M1.dat, 50.2864, 0.3, 119925, 119925, 100%, 109272, 9.74932%, 0, 1803, 0, 16745, 0
A3, i01M1.dat, 106.179, -4.77725e-30, 119925, 119925, 100%, 109272, 9.74932%, 0, 1803, 0, 16745, 0
A3, i01M1.dat, 106.97, -4.77725e-30, 119925, 119925, 100%, 109272, 9.74932%, 0, 1803, 0, 16745, 0
A3, i01M1.dat, 101.824, -4.77725e-30, 119925, 119925, 100%, 109272, 9.74932%, 0, 1803, 0, 16745, 0
A3, i01M1.dat, 105.643, -4.77725e-30, 119925, 119925, 100%, 109272, 9.74932%, 0, 1803, 0, 16745, 0
A3, i01M1.dat, 101.771, -4.77725e-30, 119925, 119925, 100%, 109272, 9.74932%, 0, 1803, 0, 16745, 0
A3, i01M1.dat, 106.858, -4.77725e-30, 119925, 119925, 100%, 109272, 9.74932%, 0, 1803, 0, 16745, 0
A3, i01M1.dat, 104.057, -4.77725e-30, 119925, 119925, 100%, 109272, 9.74932%, 0, 1803, 0, 16745, 0
A3, i01M1.dat, 102.811, -4.77725e-30, 119925, 119925, 100%, 109272, 9.74932%, 0, 1803, 0, 16745, 0
A3, i01M1.dat, 96.3824, -4.77725e-30, 119925, 119925, 100%, 109272, 9.74932%, 0, 1803, 0, 16745, 0
A3, i01M1.dat, 104.568, -4.77725e-30, 119925, 119925, 100%, 109272, 9.74932%, 0, 1803, 0, 16745, 0
A3, i01M1.dat, 103.72, -4.77725e-30, 119925, 119925, 100%, 109272, 9.74932%, 0, 1803, 0, 16745, 0
A3, i01M1.dat, 108.018, -4.77725e-30, 119925, 119925, 100%, 109272, 9.74932%, 0, 1803, 0, 16745, 0
A3, i01M1.dat, 104.868, -4.77725e-30, 119925, 119925, 100%, 109272, 9.74932%, 0, 1803, 0, 16745, 0
A3, i01M1.dat, 104.456, -4.77725e-30, 119925, 119925, 100%, 109272, 9.74932%, 0, 1803, 0, 16745, 0
A3, i01M1.dat, 98.4163, -4.77725e-30, 119925, 119925, 100%, 109272, 9.74932%, 0, 1803, 0, 16745, 0
A3, i01M1.dat, 104.656, -4.77725e-30, 119925, 119925, 100%, 109272, 9.74932%, 0, 1803, 0, 16745, 0
A3, i01M1.dat, 114.277, -4.77725e-30, 119925, 119925, 100%, 109272, 9.74932%, 0, 1803, 0, 16745, 0
A3, i01M1.dat, 117.163, -4.77725e-30, 119925, 119925, 100%, 109272, 9.74932%, 0, 1803, 0, 16745, 0
A3, i01M1.dat, 113.489, -4.77725e-30, 119925, 119925, 100%, 109272, 9.74932%, 0, 1803, 0, 16745, 0
A3, i01M1.dat, 116.015, -4.77725e-30, 119925, 119925, 100%, 109272, 9.74932%, 0, 1803, 0, 16745, 0
