ALG, INST, t[s], alpha, custo, custo_total, percent_total, melhor_custo, relacao_melhor, iteracao_melhor, grafo_nos, solucao_nos, grafo_arestas, solucao_arestas,,,,,,,,
A1, D1-B.dat,0.00209829,0,197,274,71.90%,106,85.85%,0,1000,4,1250,3,,D1-B,1.518785,197,0.858491,106,,
A2, D1-B.dat,1.52521,0.1,197,274,71.90%,106,85.85%,3,1000,4,1250,3,,,1.51821,188,0.773585,106,,
A2, D1-B.dat,1.54452,0.1,197,274,71.90%,106,85.85%,7,1000,4,1250,3,,,1.560605,188,0.773585,106,,
A2, D1-B.dat,1.56782,0.1,197,274,71.90%,106,85.85%,42,1000,4,1250,3,,,,,,,,
A2, D1-B.dat,1.54923,0.1,197,274,71.90%,106,85.85%,165,1000,4,1250,3,,,3.224405,186,106,0.754717,0.4,186
A2, D1-B.dat,1.54288,0.1,197,274,71.90%,106,85.85%,9,1000,4,1250,3,,,,,,,,
A2, D1-B.dat,1.52876,0.1,197,274,71.90%,106,85.85%,40,1000,4,1250,3,,,,,,,,
A2, D1-B.dat,1.52636,0.1,197,274,71.90%,106,85.85%,46,1000,4,1250,3,,,,,,,,
A2, D1-B.dat,1.54608,0.1,197,274,71.90%,106,85.85%,26,1000,4,1250,3,,,,,,,,
A2, D1-B.dat,1.58736,0.1,197,274,71.90%,106,85.85%,18,1000,4,1250,3,,,,,,,,
A2, D1-B.dat,1.49811,0.1,197,274,71.90%,106,85.85%,203,1000,4,1250,3,,,,,,,,
A2, D1-B.dat,1.48639,0.1,197,274,71.90%,106,85.85%,65,1000,4,1250,3,,,,,,,,
A2, D1-B.dat,1.48,0.1,197,274,71.90%,106,85.85%,38,1000,4,1250,3,,,,,,,,
A2, D1-B.dat,1.47855,0.1,197,274,71.90%,106,85.85%,15,1000,4,1250,3,,,,,,,,
A2, D1-B.dat,1.47914,0.1,197,274,71.90%,106,85.85%,41,1000,4,1250,3,,,,,,,,
A2, D1-B.dat,1.47417,0.1,197,274,71.90%,106,85.85%,98,1000,4,1250,3,,,,,,,,
A2, D1-B.dat,1.51218,0.1,197,274,71.90%,106,85.85%,6,1000,4,1250,3,,,,,,,,
A2, D1-B.dat,1.48679,0.1,197,274,71.90%,106,85.85%,10,1000,4,1250,3,,,,,,,,
A2, D1-B.dat,1.52511,0.1,197,274,71.90%,106,85.85%,47,1000,4,1250,3,,,,,,,,
A2, D1-B.dat,1.51246,0.1,197,274,71.90%,106,85.85%,28,1000,4,1250,3,,,,,,,,
A2, D1-B.dat,1.50526,0.1,197,274,71.90%,106,85.85%,125,1000,4,1250,3,,,,,,,,
A2, D1-B.dat,1.46205,0.2,188,274,68.61%,106,77.36%,39,1000,3,1250,2,,,,,,,,
A2, D1-B.dat,1.46552,0.2,188,274,68.61%,106,77.36%,19,1000,3,1250,2,,,,,,,,
A2, D1-B.dat,1.46265,0.2,188,274,68.61%,106,77.36%,153,1000,3,1250,2,,,,,,,,
A2, D1-B.dat,1.47733,0.2,188,274,68.61%,106,77.36%,27,1000,3,1250,2,,,,,,,,
A2, D1-B.dat,1.47618,0.2,188,274,68.61%,106,77.36%,148,1000,3,1250,2,,,,,,,,
A2, D1-B.dat,1.47566,0.2,188,274,68.61%,106,77.36%,76,1000,3,1250,2,,,,,,,,
A2, D1-B.dat,1.47011,0.2,188,274,68.61%,106,77.36%,9,1000,3,1250,2,,,,,,,,
A2, D1-B.dat,1.47164,0.2,188,274,68.61%,106,77.36%,127,1000,3,1250,2,,,,,,,,
A2, D1-B.dat,1.47057,0.2,188,274,68.61%,106,77.36%,51,1000,3,1250,2,,,,,,,,
A2, D1-B.dat,1.57626,0.2,188,274,68.61%,106,77.36%,111,1000,3,1250,2,,,,,,,,
A2, D1-B.dat,1.55018,0.2,188,274,68.61%,106,77.36%,165,1000,3,1250,2,,,,,,,,
A2, D1-B.dat,1.54234,0.2,188,274,68.61%,106,77.36%,69,1000,3,1250,2,,,,,,,,
A2, D1-B.dat,1.53211,0.2,188,274,68.61%,106,77.36%,70,1000,3,1250,2,,,,,,,,
A2, D1-B.dat,1.53672,0.2,188,274,68.61%,106,77.36%,184,1000,3,1250,2,,,,,,,,
A2, D1-B.dat,1.51495,0.2,188,274,68.61%,106,77.36%,439,1000,3,1250,2,,,,,,,,
A2, D1-B.dat,1.52147,0.2,188,274,68.61%,106,77.36%,6,1000,3,1250,2,,,,,,,,
A2, D1-B.dat,1.56428,0.2,188,274,68.61%,106,77.36%,84,1000,3,1250,2,,,,,,,,
A2, D1-B.dat,1.53765,0.2,188,274,68.61%,106,77.36%,229,1000,3,1250,2,,,,,,,,
A2, D1-B.dat,1.53386,0.2,188,274,68.61%,106,77.36%,58,1000,3,1250,2,,,,,,,,
A2, D1-B.dat,1.52755,0.2,188,274,68.61%,106,77.36%,122,1000,3,1250,2,,,,,,,,
A2, D1-B.dat,1.55323,0.3,188,274,68.61%,106,77.36%,202,1000,3,1250,2,,,,,,,,
A2, D1-B.dat,1.57664,0.3,188,274,68.61%,106,77.36%,123,1000,3,1250,2,,,,,,,,
A2, D1-B.dat,1.57403,0.3,188,274,68.61%,106,77.36%,142,1000,3,1250,2,,,,,,,,
A2, D1-B.dat,1.59509,0.3,188,274,68.61%,106,77.36%,2,1000,3,1250,2,,,,,,,,
A2, D1-B.dat,1.56712,0.3,188,274,68.61%,106,77.36%,945,1000,3,1250,2,,,,,,,,
A2, D1-B.dat,1.56558,0.3,188,274,68.61%,106,77.36%,250,1000,3,1250,2,,,,,,,,
A2, D1-B.dat,1.55369,0.3,188,274,68.61%,106,77.36%,8,1000,3,1250,2,,,,,,,,
A2, D1-B.dat,1.55705,0.3,188,274,68.61%,106,77.36%,26,1000,3,1250,2,,,,,,,,
A2, D1-B.dat,1.54702,0.3,188,274,68.61%,106,77.36%,135,1000,3,1250,2,,,,,,,,
A2, D1-B.dat,1.55886,0.3,188,274,68.61%,106,77.36%,166,1000,3,1250,2,,,,,,,,
A2, D1-B.dat,1.56235,0.3,188,274,68.61%,106,77.36%,233,1000,3,1250,2,,,,,,,,
A2, D1-B.dat,1.5461,0.3,188,274,68.61%,106,77.36%,186,1000,3,1250,2,,,,,,,,
A2, D1-B.dat,1.54937,0.3,188,274,68.61%,106,77.36%,165,1000,3,1250,2,,,,,,,,
A2, D1-B.dat,1.58038,0.3,188,274,68.61%,106,77.36%,148,1000,3,1250,2,,,,,,,,
A2, D1-B.dat,1.57598,0.3,188,274,68.61%,106,77.36%,746,1000,3,1250,2,,,,,,,,
A2, D1-B.dat,1.65556,0.3,188,274,68.61%,106,77.36%,52,1000,3,1250,2,,,,,,,,
A2, D1-B.dat,1.6279,0.3,188,274,68.61%,106,77.36%,874,1000,3,1250,2,,,,,,,,
A2, D1-B.dat,1.55403,0.3,188,274,68.61%,106,77.36%,159,1000,3,1250,2,,,,,,,,
A2, D1-B.dat,1.55447,0.3,188,274,68.61%,106,77.36%,154,1000,3,1250,2,,,,,,,,
A2, D1-B.dat,1.55173,0.3,188,274,68.61%,106,77.36%,269,1000,3,1250,2,,,,,,,,
A3, D1-B.dat,3.20347,0.5,186,274,67.88%,106,75.47%,29,1000,2,1250,1,,,,,,,,
A3, D1-B.dat,3.22727,0.4,186,274,67.88%,106,75.47%,513,1000,2,1250,1,,,,,,,,
A3, D1-B.dat,3.21112,0.35,186,274,67.88%,106,75.47%,747,1000,2,1250,1,,,,,,,,
A3, D1-B.dat,3.21147,0.3,188,274,68.61%,106,77.36%,100,1000,3,1250,2,,,,,,,,
A3, D1-B.dat,3.29673,0.25,188,274,68.61%,106,77.36%,251,1000,3,1250,2,,,,,,,,
A3, D1-B.dat,3.23286,0.45,186,274,67.88%,106,75.47%,1153,1000,2,1250,1,,,,,,,,
A3, D1-B.dat,3.26273,0.4,186,274,67.88%,106,75.47%,324,1000,2,1250,1,,,,,,,,
A3, D1-B.dat,3.19679,0.45,186,274,67.88%,106,75.47%,1070,1000,2,1250,1,,,,,,,,
A3, D1-B.dat,3.26112,0.2,188,274,68.61%,106,77.36%,151,1000,3,1250,2,,,,,,,,
A3, D1-B.dat,3.22458,0.2,188,274,68.61%,106,77.36%,577,1000,3,1250,2,,,,,,,,
A3, D1-B.dat,3.28589,0.45,186,274,67.88%,106,75.47%,251,1000,2,1250,1,,,,,,,,
A3, D1-B.dat,3.22423,0.5,186,274,67.88%,106,75.47%,410,1000,2,1250,1,,,,,,,,
A3, D1-B.dat,3.28806,0.35,186,274,67.88%,106,75.47%,645,1000,2,1250,1,,,,,,,,
A3, D1-B.dat,3.17646,0.2,188,274,68.61%,106,77.36%,511,1000,3,1250,2,,,,,,,,
A3, D1-B.dat,3.25547,0.35,186,274,67.88%,106,75.47%,699,1000,2,1250,1,,,,,,,,
A3, D1-B.dat,3.18337,0.4,188,274,68.61%,106,77.36%,119,1000,3,1250,2,,,,,,,,
A3, D1-B.dat,3.22024,0.5,186,274,67.88%,106,75.47%,23,1000,2,1250,1,,,,,,,,
A3, D1-B.dat,3.20103,0.4,186,274,67.88%,106,75.47%,411,1000,2,1250,1,,,,,,,,
A3, D1-B.dat,3.2436,0.4,186,274,67.88%,106,75.47%,199,1000,2,1250,1,,,,,,,,
A3, D1-B.dat,3.18102,0.45,188,274,68.61%,106,77.36%,216,1000,3,1250,2,,,,,,,,
A1, i04M1.dat,0.0439317,0,53900.2,53900.2,100%,25282.6,113.19%,0,1801,1,16721,0,,53.26895,53900.2,,,,,
A2, i04M1.dat,53.2795,0.1,53900.2,53900.2,100%,25282.6,113.19%,0,1801,0,16721,0,,51.23555,,,,,,
A2, i04M1.dat,54.0668,0.1,53900.2,53900.2,100%,25282.6,113.19%,0,1801,0,16721,0,,53.5205,,,,,,
A2, i04M1.dat,53.4665,0.1,53900.2,53900.2,100%,25282.6,113.19%,0,1801,0,16721,0,,,,,,,,
A2, i04M1.dat,53.9898,0.1,53900.2,53900.2,100%,25282.6,113.19%,0,1801,0,16721,0,,,120.792,53900.2,25282.6,1.13191,0.275,53900.2
A2, i04M1.dat,53.4059,0.1,53900.2,53900.2,100%,25282.6,113.19%,0,1801,0,16721,0,,,,,,,,
A2, i04M1.dat,54.5662,0.1,53900.2,53900.2,100%,25282.6,113.19%,0,1801,0,16721,0,,,,,,,,
A2, i04M1.dat,54.6155,0.1,53900.2,53900.2,100%,25282.6,113.19%,0,1801,0,16721,0,,,,,,,,
A2, i04M1.dat,53.1707,0.1,53900.2,53900.2,100%,25282.6,113.19%,0,1801,0,16721,0,,,,,,,,
A2, i04M1.dat,52.988,0.1,53900.2,53900.2,100%,25282.6,113.19%,0,1801,0,16721,0,,,,,,,,
A2, i04M1.dat,52.2224,0.1,53900.2,53900.2,100%,25282.6,113.19%,0,1801,0,16721,0,,,,,,,,
A2, i04M1.dat,51.7379,0.1,53900.2,53900.2,100%,25282.6,113.19%,0,1801,0,16721,0,,,,,,,,
A2, i04M1.dat,54.6061,0.1,53900.2,53900.2,100%,25282.6,113.19%,0,1801,0,16721,0,,,,,,,,
A2, i04M1.dat,53.1333,0.1,53900.2,53900.2,100%,25282.6,113.19%,0,1801,0,16721,0,,,,,,,,
A2, i04M1.dat,54.23,0.1,53900.2,53900.2,100%,25282.6,113.19%,0,1801,0,16721,0,,,,,,,,
A2, i04M1.dat,53.2584,0.1,53900.2,53900.2,100%,25282.6,113.19%,0,1801,0,16721,0,,,,,,,,
A2, i04M1.dat,61.2824,0.1,53900.2,53900.2,100%,25282.6,113.19%,0,1801,0,16721,0,,,,,,,,
A2, i04M1.dat,52.7165,0.1,53900.2,53900.2,100%,25282.6,113.19%,0,1801,0,16721,0,,,,,,,,
A2, i04M1.dat,52.0921,0.1,53900.2,53900.2,100%,25282.6,113.19%,0,1801,0,16721,0,,,,,,,,
A2, i04M1.dat,50.7724,0.1,53900.2,53900.2,100%,25282.6,113.19%,0,1801,0,16721,0,,,,,,,,
A2, i04M1.dat,51.548,0.1,53900.2,53900.2,100%,25282.6,113.19%,0,1801,0,16721,0,,,,,,,,
A2, i04M1.dat,51.1635,0.2,53900.2,53900.2,100%,25282.6,113.19%,0,1801,0,16721,0,,,,,,,,
A2, i04M1.dat,48.4193,0.2,53900.2,53900.2,100%,25282.6,113.19%,0,1801,0,16721,0,,,,,,,,
A2, i04M1.dat,45.3408,0.2,53900.2,53900.2,100%,25282.6,113.19%,0,1801,0,16721,0,,,,,,,,
A2, i04M1.dat,45.5165,0.2,53900.2,53900.2,100%,25282.6,113.19%,0,1801,0,16721,0,,,,,,,,
A2, i04M1.dat,45.6225,0.2,53900.2,53900.2,100%,25282.6,113.19%,0,1801,0,16721,0,,,,,,,,
A2, i04M1.dat,48.4345,0.2,53900.2,53900.2,100%,25282.6,113.19%,0,1801,0,16721,0,,,,,,,,
A2, i04M1.dat,54.262,0.2,53900.2,53900.2,100%,25282.6,113.19%,0,1801,0,16721,0,,,,,,,,
A2, i04M1.dat,46.8995,0.2,53900.2,53900.2,100%,25282.6,113.19%,0,1801,0,16721,0,,,,,,,,
A2, i04M1.dat,48.631,0.2,53900.2,53900.2,100%,25282.6,113.19%,0,1801,0,16721,0,,,,,,,,
A2, i04M1.dat,50.2821,0.2,53900.2,53900.2,100%,25282.6,113.19%,0,1801,0,16721,0,,,,,,,,
A2, i04M1.dat,53.5765,0.2,53900.2,53900.2,100%,25282.6,113.19%,0,1801,0,16721,0,,,,,,,,
A2, i04M1.dat,54.1219,0.2,53900.2,53900.2,100%,25282.6,113.19%,0,1801,0,16721,0,,,,,,,,
A2, i04M1.dat,51.3076,0.2,53900.2,53900.2,100%,25282.6,113.19%,0,1801,0,16721,0,,,,,,,,
A2, i04M1.dat,48.1786,0.2,53900.2,53900.2,100%,25282.6,113.19%,0,1801,0,16721,0,,,,,,,,
A2, i04M1.dat,52.7022,0.2,53900.2,53900.2,100%,25282.6,113.19%,0,1801,0,16721,0,,,,,,,,
A2, i04M1.dat,53.9209,0.2,53900.2,53900.2,100%,25282.6,113.19%,0,1801,0,16721,0,,,,,,,,
A2, i04M1.dat,52.6271,0.2,53900.2,53900.2,100%,25282.6,113.19%,0,1801,0,16721,0,,,,,,,,
A2, i04M1.dat,51.843,0.2,53900.2,53900.2,100%,25282.6,113.19%,0,1801,0,16721,0,,,,,,,,
A2, i04M1.dat,52.9872,0.2,53900.2,53900.2,100%,25282.6,113.19%,0,1801,0,16721,0,,,,,,,,
A2, i04M1.dat,54.3024,0.2,53900.2,53900.2,100%,25282.6,113.19%,0,1801,0,16721,0,,,,,,,,
A2, i04M1.dat,52.6459,0.3,53900.2,53900.2,100%,25282.6,113.19%,0,1801,0,16721,0,,,,,,,,
A2, i04M1.dat,53.4294,0.3,53900.2,53900.2,100%,25282.6,113.19%,0,1801,0,16721,0,,,,,,,,
A2, i04M1.dat,52.8911,0.3,53900.2,53900.2,100%,25282.6,113.19%,0,1801,0,16721,0,,,,,,,,
A2, i04M1.dat,53.6538,0.3,53900.2,53900.2,100%,25282.6,113.19%,0,1801,0,16721,0,,,,,,,,
A2, i04M1.dat,52.9948,0.3,53900.2,53900.2,100%,25282.6,113.19%,0,1801,0,16721,0,,,,,,,,
A2, i04M1.dat,55.2171,0.3,53900.2,53900.2,100%,25282.6,113.19%,0,1801,0,16721,0,,,,,,,,
A2, i04M1.dat,52.7815,0.3,53900.2,53900.2,100%,25282.6,113.19%,0,1801,0,16721,0,,,,,,,,
A2, i04M1.dat,54.2658,0.3,53900.2,53900.2,100%,25282.6,113.19%,0,1801,0,16721,0,,,,,,,,
A2, i04M1.dat,52.9983,0.3,53900.2,53900.2,100%,25282.6,113.19%,0,1801,0,16721,0,,,,,,,,
A2, i04M1.dat,54.2185,0.3,53900.2,53900.2,100%,25282.6,113.19%,0,1801,0,16721,0,,,,,,,,
A2, i04M1.dat,52.7941,0.3,53900.2,53900.2,100%,25282.6,113.19%,0,1801,0,16721,0,,,,,,,,
A2, i04M1.dat,54.0536,0.3,53900.2,53900.2,100%,25282.6,113.19%,0,1801,0,16721,0,,,,,,,,
A2, i04M1.dat,52.7608,0.3,53900.2,53900.2,100%,25282.6,113.19%,0,1801,0,16721,0,,,,,,,,
A2, i04M1.dat,54.2253,0.3,53900.2,53900.2,100%,25282.6,113.19%,0,1801,0,16721,0,,,,,,,,
A2, i04M1.dat,53.2204,0.3,53900.2,53900.2,100%,25282.6,113.19%,0,1801,0,16721,0,,,,,,,,
A2, i04M1.dat,54.1875,0.3,53900.2,53900.2,100%,25282.6,113.19%,0,1801,0,16721,0,,,,,,,,
A2, i04M1.dat,53.1466,0.3,53900.2,53900.2,100%,25282.6,113.19%,0,1801,0,16721,0,,,,,,,,
A2, i04M1.dat,54.5797,0.3,53900.2,53900.2,100%,25282.6,113.19%,0,1801,0,16721,0,,,,,,,,
A2, i04M1.dat,57.4349,0.3,53900.2,53900.2,100%,25282.6,113.19%,0,1801,0,16721,0,,,,,,,,
A2, i04M1.dat,53.6116,0.3,53900.2,53900.2,100%,25282.6,113.19%,0,1801,0,16721,0,,,,,,,,
A3, i04M1.dat,118.956,0.45,53900.2,53900.2,100%,25282.6,113.19%,1,1801,1,16721,0,,,,,,,,
A3, i04M1.dat,123.398,0.45,53900.2,53900.2,100%,25282.6,113.19%,1,1801,1,16721,0,,,,,,,,
A3, i04M1.dat,120.013,0.1,53900.2,53900.2,100%,25282.6,113.19%,1,1801,1,16721,0,,,,,,,,
A3, i04M1.dat,122.681,0.5,53900.2,53900.2,100%,25282.6,113.19%,1,1801,1,16721,0,,,,,,,,
A3, i04M1.dat,119.911,0.25,53900.2,53900.2,100%,25282.6,113.19%,1,1801,1,16721,0,,,,,,,,
A3, i04M1.dat,120.722,0.05,53900.2,53900.2,100%,25282.6,113.19%,1,1801,1,16721,0,,,,,,,,
A3, i04M1.dat,120.4,0.2,53900.2,53900.2,100%,25282.6,113.19%,1,1801,1,16721,0,,,,,,,,
A3, i04M1.dat,120.67,0.45,53900.2,53900.2,100%,25282.6,113.19%,1,1801,1,16721,0,,,,,,,,
A3, i04M1.dat,119.998,0.3,53900.2,53900.2,100%,25282.6,113.19%,1,1801,1,16721,0,,,,,,,,
A3, i04M1.dat,120.862,0.25,53900.2,53900.2,100%,25282.6,113.19%,1,1801,1,16721,0,,,,,,,,
A3, i04M1.dat,119.74,0.4,53900.2,53900.2,100%,25282.6,113.19%,1,1801,1,16721,0,,,,,,,,
A3, i04M1.dat,121.717,0.25,53900.2,53900.2,100%,25282.6,113.19%,1,1801,1,16721,0,,,,,,,,
A3, i04M1.dat,121.566,0.35,53900.2,53900.2,100%,25282.6,113.19%,1,1801,1,16721,0,,,,,,,,
A3, i04M1.dat,120.953,0.4,53900.2,53900.2,100%,25282.6,113.19%,1,1801,1,16721,0,,,,,,,,
A3, i04M1.dat,120.171,0.1,53900.2,53900.2,100%,25282.6,113.19%,1,1801,1,16721,0,,,,,,,,
A3, i04M1.dat,120.902,0.3,53900.2,53900.2,100%,25282.6,113.19%,1,1801,1,16721,0,,,,,,,,
A3, i04M1.dat,120.917,0.15,53900.2,53900.2,100%,25282.6,113.19%,1,1801,1,16721,0,,,,,,,,
A3, i04M1.dat,121.756,0.05,53900.2,53900.2,100%,25282.6,113.19%,1,1801,1,16721,0,,,,,,,,
A3, i04M1.dat,120.343,0.2,53900.2,53900.2,100%,25282.6,113.19%,1,1801,1,16721,0,,,,,,,,
A3, i04M1.dat,123.031,0.3,53900.2,53900.2,100%,25282.6,113.19%,1,1801,1,16721,0,,,,,,,,
A1, i05M3.dat,0.0580046,0,1.61E+06,1.45E+06,111.36%,672403,139.67%,0,1810,10,16796,9,,,,,,,,
A2, i05M3.dat,59.6165,0.1,1.38E+06,1.45E+06,95.60%,672403,105.74%,192,1810,6,16796,5,,59.9622,1383410,672403,1.05741,,,
A2, i05M3.dat,62.8263,0.1,1.37E+06,1.45E+06,94.85%,672403,104.14%,380,1810,6,16796,5,,54.52305,1297910,672403,0.9302595,,,
A2, i05M3.dat,58.3118,0.1,1.37E+06,1.45E+06,94.85%,672403,104.14%,895,1810,6,16796,5,,55.88025,1293455,672403,0.923631,,,
A2, i05M3.dat,59.3529,0.1,1.35E+06,1.45E+06,93.08%,672403,100.31%,841,1810,5,16796,4,,,123.0875,1274800,672403,0.89589,0.4,1208050
A2, i05M3.dat,62.4048,0.1,1.39E+06,1.45E+06,95.74%,672403,106.06%,220,1810,3,16796,2,,,,,,,,
A2, i05M3.dat,57.5324,0.1,1.39E+06,1.45E+06,95.74%,672403,106.06%,520,1810,3,16796,2,,,,,,,,
A2, i05M3.dat,63.4076,0.1,1.37E+06,1.45E+06,94.85%,672403,104.14%,887,1810,6,16796,5,,,,,,,,
A2, i05M3.dat,61.142,0.1,1.37E+06,1.45E+06,94.85%,672403,104.14%,101,1810,6,16796,5,,,,,,,,
A2, i05M3.dat,59.9622,0.1,1.38E+06,1.45E+06,95.60%,672403,105.74%,976,1810,6,16796,5,,,,,,,,
A2, i05M3.dat,61.9327,0.1,1.38E+06,1.45E+06,95.55%,672403,105.65%,690,1810,6,16796,5,,,,,,,,
A2, i05M3.dat,67.1065,0.1,1.39E+06,1.45E+06,95.74%,672403,106.06%,329,1810,3,16796,2,,,,,,,,
A2, i05M3.dat,69.0336,0.1,1.41E+06,1.45E+06,97.23%,672403,109.25%,264,1810,3,16796,2,,,,,,,,
A2, i05M3.dat,59.8287,0.1,1.37E+06,1.45E+06,94.85%,672403,104.14%,918,1810,6,16796,5,,,,,,,,
A2, i05M3.dat,60.23,0.1,1.38E+06,1.45E+06,95.43%,672403,105.38%,605,1810,2,16796,1,,,,,,,,
A2, i05M3.dat,57.1296,0.1,1.38E+06,1.45E+06,95.63%,672403,105.81%,710,1810,6,16796,5,,,,,,,,
A2, i05M3.dat,56.1363,0.1,1.39E+06,1.45E+06,95.74%,672403,106.06%,437,1810,3,16796,2,,,,,,,,
A2, i05M3.dat,58.0847,0.1,1.38E+06,1.45E+06,95.60%,672403,105.74%,924,1810,6,16796,5,,,,,,,,
A2, i05M3.dat,60.6747,0.1,1.38E+06,1.45E+06,95.60%,672403,105.74%,25,1810,6,16796,5,,,,,,,,
A2, i05M3.dat,55.534,0.1,1.36E+06,1.45E+06,93.66%,672403,101.57%,581,1810,5,16796,4,,,,,,,,
A2, i05M3.dat,55.693,0.1,1.38E+06,1.45E+06,95.60%,672403,105.74%,867,1810,6,16796,5,,,,,,,,
A2, i05M3.dat,56.7056,0.2,1.30E+06,1.45E+06,89.58%,672403,92.78%,199,1810,4,16796,3,,,,,,,,
A2, i05M3.dat,54.1154,0.2,1.30E+06,1.45E+06,89.61%,672403,92.85%,995,1810,4,16796,3,,,,,,,,
A2, i05M3.dat,53.7947,0.2,1.35E+06,1.45E+06,93.08%,672403,100.31%,971,1810,5,16796,4,,,,,,,,
A2, i05M3.dat,53.4316,0.2,1.29E+06,1.45E+06,88.83%,672403,91.18%,43,1810,4,16796,3,,,,,,,,
A2, i05M3.dat,56.2355,0.2,1.33E+06,1.45E+06,91.86%,672403,97.69%,334,1810,5,16796,4,,,,,,,,
A2, i05M3.dat,56.7875,0.2,1.40E+06,1.45E+06,97.00%,672403,108.75%,173,1810,6,16796,5,,,,,,,,
A2, i05M3.dat,56.2675,0.2,1.30E+06,1.45E+06,89.58%,672403,92.78%,30,1810,4,16796,3,,,,,,,,
A2, i05M3.dat,55.3273,0.2,1.30E+06,1.45E+06,89.77%,672403,93.20%,104,1810,4,16796,3,,,,,,,,
A2, i05M3.dat,56.3194,0.2,1.36E+06,1.45E+06,94.10%,672403,102.52%,67,1810,5,16796,4,,,,,,,,
A2, i05M3.dat,54.3856,0.2,1.29E+06,1.45E+06,89.07%,672403,91.70%,734,1810,4,16796,3,,,,,,,,
A2, i05M3.dat,54.6626,0.2,1.30E+06,1.45E+06,89.50%,672403,92.62%,126,1810,4,16796,3,,,,,,,,
A2, i05M3.dat,53.814,0.2,1.29E+06,1.45E+06,88.83%,672403,91.18%,669,1810,4,16796,3,,,,,,,,
A2, i05M3.dat,54.6605,0.2,1.29E+06,1.45E+06,89.07%,672403,91.70%,674,1810,4,16796,3,,,,,,,,
A2, i05M3.dat,58.1836,0.2,1.34E+06,1.45E+06,92.60%,672403,99.29%,694,1810,5,16796,4,,,,,,,,
A2, i05M3.dat,54.3523,0.2,1.29E+06,1.45E+06,89.06%,672403,91.66%,272,1810,4,16796,3,,,,,,,,
A2, i05M3.dat,55.1525,0.2,1.39E+06,1.45E+06,96.10%,672403,106.83%,252,1810,2,16796,1,,,,,,,,
A2, i05M3.dat,54.2897,0.2,1.32E+06,1.45E+06,91.03%,672403,95.91%,14,1810,4,16796,3,,,,,,,,
A2, i05M3.dat,53.0869,0.2,1.29E+06,1.45E+06,89.34%,672403,92.26%,480,1810,4,16796,3,,,,,,,,
A2, i05M3.dat,52.3451,0.2,1.34E+06,1.45E+06,92.88%,672403,99.90%,903,1810,5,16796,4,,,,,,,,
A2, i05M3.dat,52.8726,0.2,1.36E+06,1.45E+06,93.90%,672403,102.08%,267,1810,5,16796,4,,,,,,,,
A2, i05M3.dat,53.6663,0.3,1.25E+06,1.45E+06,86.58%,672403,86.33%,530,1810,3,16796,2,,,,,,,,
A2, i05M3.dat,54.5724,0.3,1.31E+06,1.45E+06,90.36%,672403,94.47%,181,1810,4,16796,3,,,,,,,,
A2, i05M3.dat,54.0089,0.3,1.25E+06,1.45E+06,86.50%,672403,86.17%,584,1810,3,16796,2,,,,,,,,
A2, i05M3.dat,54.634,0.3,1.30E+06,1.45E+06,89.58%,672403,92.78%,554,1810,4,16796,3,,,,,,,,
A2, i05M3.dat,55.0208,0.3,1.28E+06,1.45E+06,88.79%,672403,91.08%,149,1810,4,16796,3,,,,,,,,
A2, i05M3.dat,53.6564,0.3,1.25E+06,1.45E+06,86.26%,672403,85.65%,311,1810,3,16796,2,,,,,,,,
A2, i05M3.dat,57.2741,0.3,1.29E+06,1.45E+06,89.10%,672403,91.76%,136,1810,4,16796,3,,,,,,,,
A2, i05M3.dat,56.1069,0.3,1.31E+06,1.45E+06,90.60%,672403,94.99%,417,1810,4,16796,3,,,,,,,,
A2, i05M3.dat,55.0555,0.3,1.36E+06,1.45E+06,93.89%,672403,102.07%,749,1810,2,16796,1,,,,,,,,
A2, i05M3.dat,54.2045,0.3,1.31E+06,1.45E+06,90.32%,672403,94.39%,256,1810,4,16796,3,,,,,,,,
A2, i05M3.dat,55.9038,0.3,1.30E+06,1.45E+06,89.53%,672403,92.69%,693,1810,4,16796,3,,,,,,,,
A2, i05M3.dat,58.9182,0.3,1.36E+06,1.45E+06,93.89%,672403,102.07%,36,1810,2,16796,1,,,,,,,,
A2, i05M3.dat,56.5633,0.3,1.24E+06,1.45E+06,86.00%,672403,85.09%,879,1810,3,16796,2,,,,,,,,
A2, i05M3.dat,56.7468,0.3,1.24E+06,1.45E+06,85.83%,672403,84.73%,72,1810,3,16796,2,,,,,,,,
A2, i05M3.dat,56.7751,0.3,1.24E+06,1.45E+06,85.76%,672403,84.57%,761,1810,3,16796,2,,,,,,,,
A2, i05M3.dat,59.5176,0.3,1.24E+06,1.45E+06,85.76%,672403,84.57%,114,1810,3,16796,2,,,,,,,,
A2, i05M3.dat,57.7883,0.3,1.30E+06,1.45E+06,89.50%,672403,92.62%,278,1810,4,16796,3,,,,,,,,
A2, i05M3.dat,56.1568,0.3,1.30E+06,1.45E+06,90.05%,672403,93.81%,831,1810,4,16796,3,,,,,,,,
A2, i05M3.dat,55.8567,0.3,1.29E+06,1.45E+06,89.26%,672403,92.10%,97,1810,4,16796,3,,,,,,,,
A2, i05M3.dat,55.8233,0.3,1.39E+06,1.45E+06,95.74%,672403,106.06%,576,1810,3,16796,2,,,,,,,,
A3, i05M3.dat,121.045,0.3,1.35E+06,1.45E+06,93.50%,672403,101.22%,1328,1810,5,16796,4,,,,,,,,
A3, i05M3.dat,125.099,0.3,1.31E+06,1.45E+06,90.29%,672403,94.31%,504,1810,4,16796,3,,,,,,,,
A3, i05M3.dat,121.557,0.4,1.21E+06,1.45E+06,83.48%,672403,79.66%,863,1810,2,16796,1,,,,,,,,
A3, i05M3.dat,125.575,0.45,1.26E+06,1.45E+06,87.29%,672403,87.86%,93,1810,3,16796,2,,,,,,,,
A3, i05M3.dat,122.644,0.3,1.30E+06,1.45E+06,89.53%,672403,92.69%,1544,1810,4,16796,3,,,,,,,,
A3, i05M3.dat,124.814,0.4,1.25E+06,1.45E+06,86.08%,672403,85.25%,1742,1810,3,16796,2,,,,,,,,
A3, i05M3.dat,122.575,0.5,1.35E+06,1.45E+06,93.46%,672403,101.14%,1839,1810,2,16796,1,,,,,,,,
A3, i05M3.dat,124.581,0.4,1.26E+06,1.45E+06,87.40%,672403,88.10%,859,1810,3,16796,2,,,,,,,,
A3, i05M3.dat,121.426,0.45,1.21E+06,1.45E+06,83.48%,672403,79.66%,286,1810,2,16796,1,,,,,,,,
A3, i05M3.dat,123.259,0.3,1.30E+06,1.45E+06,89.50%,672403,92.62%,354,1810,4,16796,3,,,,,,,,
A3, i05M3.dat,124.194,0.4,1.21E+06,1.45E+06,83.55%,672403,79.82%,1415,1810,2,16796,1,,,,,,,,
A3, i05M3.dat,121.594,0.2,1.30E+06,1.45E+06,90.04%,672403,93.77%,1883,1810,4,16796,3,,,,,,,,
A3, i05M3.dat,124.433,0.2,1.29E+06,1.45E+06,88.83%,672403,91.18%,105,1810,4,16796,3,,,,,,,,
A3, i05M3.dat,120.865,0.4,1.26E+06,1.45E+06,86.98%,672403,87.20%,1450,1810,3,16796,2,,,,,,,,
A3, i05M3.dat,124.076,0.25,1.28E+06,1.45E+06,88.79%,672403,91.08%,1031,1810,4,16796,3,,,,,,,,
A3, i05M3.dat,120.445,0.5,1.21E+06,1.45E+06,83.55%,672403,79.82%,484,1810,2,16796,1,,,,,,,,
A3, i05M3.dat,125.082,0.2,1.35E+06,1.45E+06,93.03%,672403,100.22%,736,1810,5,16796,4,,,,,,,,
A3, i05M3.dat,120.631,0.4,1.26E+06,1.45E+06,87.29%,672403,87.86%,1357,1810,3,16796,2,,,,,,,,
A3, i05M3.dat,125.324,0.4,1.24E+06,1.45E+06,85.76%,672403,84.57%,729,1810,3,16796,2,,,,,,,,
A3, i05M3.dat,122.916,0.4,1.30E+06,1.45E+06,89.61%,672403,92.85%,464,1810,4,16796,3,,,,,,,,
A1, D6-A.dat,0.00336094,0,29,27,107.41%,18,61.11%,0,1000,4,2000,3,,,,,,,,
A2, D6-A.dat,2.50883,0.1,21,27,77.78%,18,16.67%,471,1000,3,2000,2,,2.54366,21,18,0.166667,,,
A2, D6-A.dat,2.52573,0.1,21,27,77.78%,18,16.67%,3,1000,3,2000,2,,2.55704,21,18,0.166667,,,
A2, D6-A.dat,2.51874,0.1,21,27,77.78%,18,16.67%,12,1000,3,2000,2,,2.539115,19,18,0.0555556,,,
A2, D6-A.dat,2.71676,0.1,21,27,77.78%,18,16.67%,71,1000,3,2000,2,,,5.697505,19,18,0.0555556,0.35,19
A2, D6-A.dat,2.56464,0.1,21,27,77.78%,18,16.67%,25,1000,3,2000,2,,,,,,,,
A2, D6-A.dat,2.56245,0.1,21,27,77.78%,18,16.67%,25,1000,3,2000,2,,,,,,,,
A2, D6-A.dat,2.53373,0.1,21,27,77.78%,18,16.67%,51,1000,3,2000,2,,,,,,,,
A2, D6-A.dat,2.4988,0.1,21,27,77.78%,18,16.67%,13,1000,3,2000,2,,,,,,,,
A2, D6-A.dat,2.49137,0.1,21,27,77.78%,18,16.67%,4,1000,3,2000,2,,,,,,,,
A2, D6-A.dat,2.52611,0.1,21,27,77.78%,18,16.67%,32,1000,3,2000,2,,,,,,,,
A2, D6-A.dat,2.49871,0.1,21,27,77.78%,18,16.67%,306,1000,3,2000,2,,,,,,,,
A2, D6-A.dat,2.53983,0.1,21,27,77.78%,18,16.67%,21,1000,3,2000,2,,,,,,,,
A2, D6-A.dat,2.53212,0.1,21,27,77.78%,18,16.67%,92,1000,3,2000,2,,,,,,,,
A2, D6-A.dat,2.6873,0.1,21,27,77.78%,18,16.67%,75,1000,3,2000,2,,,,,,,,
A2, D6-A.dat,2.67354,0.1,21,27,77.78%,18,16.67%,109,1000,3,2000,2,,,,,,,,
A2, D6-A.dat,2.63924,0.1,21,27,77.78%,18,16.67%,65,1000,3,2000,2,,,,,,,,
A2, D6-A.dat,2.55623,0.1,21,27,77.78%,18,16.67%,1,1000,3,2000,2,,,,,,,,
A2, D6-A.dat,2.57547,0.1,21,27,77.78%,18,16.67%,185,1000,3,2000,2,,,,,,,,
A2, D6-A.dat,2.54749,0.1,21,27,77.78%,18,16.67%,207,1000,3,2000,2,,,,,,,,
A2, D6-A.dat,2.55979,0.1,21,27,77.78%,18,16.67%,278,1000,3,2000,2,,,,,,,,
A2, D6-A.dat,2.53155,0.2,21,27,77.78%,18,16.67%,100,1000,3,2000,2,,,,,,,,
A2, D6-A.dat,2.54641,0.2,21,27,77.78%,18,16.67%,111,1000,3,2000,2,,,,,,,,
A2, D6-A.dat,2.54716,0.2,21,27,77.78%,18,16.67%,176,1000,3,2000,2,,,,,,,,
A2, D6-A.dat,2.56044,0.2,21,27,77.78%,18,16.67%,55,1000,3,2000,2,,,,,,,,
A2, D6-A.dat,2.56395,0.2,21,27,77.78%,18,16.67%,961,1000,3,2000,2,,,,,,,,
A2, D6-A.dat,2.64651,0.2,21,27,77.78%,18,16.67%,866,1000,3,2000,2,,,,,,,,
A2, D6-A.dat,2.59466,0.2,21,27,77.78%,18,16.67%,277,1000,3,2000,2,,,,,,,,
A2, D6-A.dat,2.61845,0.2,24,27,88.89%,18,33.33%,409,1000,2,2000,1,,,,,,,,
A2, D6-A.dat,2.58223,0.2,21,27,77.78%,18,16.67%,260,1000,3,2000,2,,,,,,,,
A2, D6-A.dat,2.65584,0.2,21,27,77.78%,18,16.67%,143,1000,3,2000,2,,,,,,,,
A2, D6-A.dat,2.63317,0.2,21,27,77.78%,18,16.67%,220,1000,3,2000,2,,,,,,,,
A2, D6-A.dat,2.54188,0.2,21,27,77.78%,18,16.67%,790,1000,3,2000,2,,,,,,,,
A2, D6-A.dat,2.54507,0.2,21,27,77.78%,18,16.67%,721,1000,3,2000,2,,,,,,,,
A2, D6-A.dat,2.52574,0.2,21,27,77.78%,18,16.67%,19,1000,3,2000,2,,,,,,,,
A2, D6-A.dat,2.51286,0.2,21,27,77.78%,18,16.67%,432,1000,3,2000,2,,,,,,,,
A2, D6-A.dat,2.54613,0.2,21,27,77.78%,18,16.67%,11,1000,3,2000,2,,,,,,,,
A2, D6-A.dat,2.56882,0.2,25,27,92.59%,18,38.89%,21,1000,3,2000,2,,,,,,,,
A2, D6-A.dat,2.68098,0.2,21,27,77.78%,18,16.67%,410,1000,3,2000,2,,,,,,,,
A2, D6-A.dat,2.53728,0.2,21,27,77.78%,18,16.67%,813,1000,3,2000,2,,,,,,,,
A2, D6-A.dat,2.55364,0.2,21,27,77.78%,18,16.67%,87,1000,3,2000,2,,,,,,,,
A2, D6-A.dat,2.52248,0.3,19,27,70.37%,18,5.56%,396,1000,2,2000,1,,,,,,,,
A2, D6-A.dat,2.5604,0.3,19,27,70.37%,18,5.56%,948,1000,2,2000,1,,,,,,,,
A2, D6-A.dat,2.53356,0.3,19,27,70.37%,18,5.56%,531,1000,2,2000,1,,,,,,,,
A2, D6-A.dat,2.53034,0.3,21,27,77.78%,18,16.67%,292,1000,3,2000,2,,,,,,,,
A2, D6-A.dat,2.54467,0.3,19,27,70.37%,18,5.56%,925,1000,2,2000,1,,,,,,,,
A2, D6-A.dat,2.52034,0.3,19,27,70.37%,18,5.56%,140,1000,2,2000,1,,,,,,,,
A2, D6-A.dat,2.61412,0.3,19,27,70.37%,18,5.56%,476,1000,2,2000,1,,,,,,,,
A2, D6-A.dat,2.63175,0.3,19,27,70.37%,18,5.56%,53,1000,2,2000,1,,,,,,,,
A2, D6-A.dat,2.52353,0.3,21,27,77.78%,18,16.67%,724,1000,3,2000,2,,,,,,,,
A2, D6-A.dat,2.50393,0.3,19,27,70.37%,18,5.56%,151,1000,2,2000,1,,,,,,,,
A2, D6-A.dat,2.51715,0.3,19,27,70.37%,18,5.56%,105,1000,2,2000,1,,,,,,,,
A2, D6-A.dat,2.48634,0.3,19,27,70.37%,18,5.56%,86,1000,2,2000,1,,,,,,,,
A2, D6-A.dat,2.52102,0.3,19,27,70.37%,18,5.56%,181,1000,2,2000,1,,,,,,,,
A2, D6-A.dat,2.53018,0.3,19,27,70.37%,18,5.56%,340,1000,2,2000,1,,,,,,,,
A2, D6-A.dat,2.65554,0.3,19,27,70.37%,18,5.56%,837,1000,2,2000,1,,,,,,,,
A2, D6-A.dat,2.64242,0.3,19,27,70.37%,18,5.56%,319,1000,2,2000,1,,,,,,,,
A2, D6-A.dat,2.58806,0.3,19,27,70.37%,18,5.56%,522,1000,2,2000,1,,,,,,,,
A2, D6-A.dat,2.64264,0.3,19,27,70.37%,18,5.56%,371,1000,2,2000,1,,,,,,,,
A2, D6-A.dat,2.5932,0.3,19,27,70.37%,18,5.56%,761,1000,2,2000,1,,,,,,,,
A2, D6-A.dat,2.71831,0.3,19,27,70.37%,18,5.56%,29,1000,2,2000,1,,,,,,,,
A3, D6-A.dat,5.63155,0.25,19,27,70.37%,18,5.56%,777,1000,2,2000,1,,,,,,,,
A3, D6-A.dat,5.63339,0.3,19,27,70.37%,18,5.56%,1334,1000,2,2000,1,,,,,,,,
A3, D6-A.dat,5.77073,0.45,19,27,70.37%,18,5.56%,787,1000,2,2000,1,,,,,,,,
A3, D6-A.dat,5.74104,0.45,21,27,77.78%,18,16.67%,126,1000,3,2000,2,,,,,,,,
A3, D6-A.dat,5.79067,0.3,19,27,70.37%,18,5.56%,264,1000,2,2000,1,,,,,,,,
A3, D6-A.dat,5.67046,0.25,19,27,70.37%,18,5.56%,1853,1000,2,2000,1,,,,,,,,
A3, D6-A.dat,5.77221,0.3,19,27,70.37%,18,5.56%,938,1000,2,2000,1,,,,,,,,
A3, D6-A.dat,5.70416,0.5,19,27,70.37%,18,5.56%,137,1000,2,2000,1,,,,,,,,
A3, D6-A.dat,5.67484,0.35,19,27,70.37%,18,5.56%,1503,1000,2,2000,1,,,,,,,,
A3, D6-A.dat,5.79742,0.3,19,27,70.37%,18,5.56%,80,1000,2,2000,1,,,,,,,,
A3, D6-A.dat,5.64962,0.45,19,27,70.37%,18,5.56%,1397,1000,2,2000,1,,,,,,,,
A3, D6-A.dat,5.75693,0.35,21,27,77.78%,18,16.67%,970,1000,3,2000,2,,,,,,,,
A3, D6-A.dat,5.6984,0.4,19,27,70.37%,18,5.56%,109,1000,2,2000,1,,,,,,,,
A3, D6-A.dat,5.69661,0.5,20,27,74.07%,18,11.11%,890,1000,2,2000,1,,,,,,,,
A3, D6-A.dat,5.80745,0.35,19,27,70.37%,18,5.56%,198,1000,2,2000,1,,,,,,,,
A3, D6-A.dat,5.681,0.25,19,27,70.37%,18,5.56%,1755,1000,2,2000,1,,,,,,,,
A3, D6-A.dat,5.67767,0.45,19,27,70.37%,18,5.56%,97,1000,2,2000,1,,,,,,,,
A3, D6-A.dat,5.66385,0.35,19,27,70.37%,18,5.56%,303,1000,2,2000,1,,,,,,,,
A3, D6-A.dat,5.62027,0.3,19,27,70.37%,18,5.56%,226,1000,2,2000,1,,,,,,,,
A3, D6-A.dat,5.75583,0.5,19,27,70.37%,18,5.56%,1124,1000,2,2000,1,,,,,,,,
A1, i02M3.dat,0.0783131,0,743625,1.21E+06,61.59%,628834,18.25%,0,1804,21,16742,20,,,,,,,,
A2, i02M3.dat,52.0202,0.1,737792,1.21E+06,61.11%,628834,17.33%,210,1804,17,16742,16,,55.54355,738151.5,628834,0.173842,,,
A2, i02M3.dat,52.4156,0.1,738198,1.21E+06,61.14%,628834,17.39%,800,1804,18,16742,17,,58.41865,736583,628834,0.171348,,,
A2, i02M3.dat,63.5485,0.1,737665,1.21E+06,61.09%,628834,17.31%,227,1804,17,16742,16,,54.21495,736581.5,628834,0.1713455,,,
A2, i02M3.dat,57.9791,0.1,738408,1.21E+06,61.16%,628834,17.43%,685,1804,17,16742,16,,,120.1195,735386,628834,0.169444,0.25,728984
A2, i02M3.dat,65.587,0.1,738354,1.21E+06,61.15%,628834,17.42%,135,1804,16,16742,15,,,,,,,,
A2, i02M3.dat,65.1502,0.1,738704,1.21E+06,61.18%,628834,17.47%,989,1804,16,16742,15,,,,,,,,
A2, i02M3.dat,61.9002,0.1,737992,1.21E+06,61.12%,628834,17.36%,50,1804,17,16742,16,,,,,,,,
A2, i02M3.dat,55.5297,0.1,738105,1.21E+06,61.13%,628834,17.38%,213,1804,17,16742,16,,,,,,,,
A2, i02M3.dat,55.7916,0.1,739320,1.21E+06,61.23%,628834,17.57%,886,1804,19,16742,18,,,,,,,,
A2, i02M3.dat,54.9339,0.1,738036,1.21E+06,61.13%,628834,17.37%,269,1804,16,16742,15,,,,,,,,
A2, i02M3.dat,55.5574,0.1,739419,1.21E+06,61.24%,628834,17.59%,711,1804,17,16742,16,,,,,,,,
A2, i02M3.dat,52.7253,0.1,736735,1.21E+06,61.02%,628834,17.16%,610,1804,16,16742,15,,,,,,,,
A2, i02M3.dat,54.284,0.1,738409,1.21E+06,61.16%,628834,17.43%,684,1804,17,16742,16,,,,,,,,
A2, i02M3.dat,53.9149,0.1,738628,1.21E+06,61.17%,628834,17.46%,468,1804,18,16742,17,,,,,,,,
A2, i02M3.dat,55.6244,0.1,740651,1.21E+06,61.34%,628834,17.78%,180,1804,19,16742,18,,,,,,,,
A2, i02M3.dat,54.3564,0.1,737974,1.21E+06,61.12%,628834,17.36%,268,1804,16,16742,15,,,,,,,,
A2, i02M3.dat,55.8488,0.1,736810,1.21E+06,61.02%,628834,17.17%,965,1804,16,16742,15,,,,,,,,
A2, i02M3.dat,54.6632,0.1,737689,1.21E+06,61.10%,628834,17.31%,485,1804,18,16742,17,,,,,,,,
A2, i02M3.dat,56.4707,0.1,737509,1.21E+06,61.08%,628834,17.28%,762,1804,16,16742,15,,,,,,,,
A2, i02M3.dat,54.8676,0.1,739047,1.21E+06,61.21%,628834,17.53%,357,1804,17,16742,16,,,,,,,,
A2, i02M3.dat,54.3786,0.2,732447,1.21E+06,60.66%,628834,16.48%,423,1804,12,16742,11,,,,,,,,
A2, i02M3.dat,55.2581,0.2,733303,1.21E+06,60.73%,628834,16.61%,889,1804,12,16742,11,,,,,,,,
A2, i02M3.dat,55.4237,0.2,733048,1.21E+06,60.71%,628834,16.57%,948,1804,13,16742,12,,,,,,,,
A2, i02M3.dat,60.7353,0.2,735129,1.21E+06,60.88%,628834,16.90%,510,1804,13,16742,12,,,,,,,,
A2, i02M3.dat,54.8019,0.2,733809,1.21E+06,60.78%,628834,16.69%,773,1804,13,16742,12,,,,,,,,
A2, i02M3.dat,55.5886,0.2,861312,1.21E+06,71.34%,628834,36.97%,261,1804,9,16742,8,,,,,,,,
A2, i02M3.dat,54.7779,0.2,860435,1.21E+06,71.26%,628834,36.83%,181,1804,8,16742,7,,,,,,,,
A2, i02M3.dat,58.8315,0.2,733476,1.21E+06,60.75%,628834,16.64%,467,1804,13,16742,12,,,,,,,,
A2, i02M3.dat,58.4758,0.2,861500,1.21E+06,71.35%,628834,37.00%,93,1804,9,16742,8,,,,,,,,
A2, i02M3.dat,59.5747,0.2,735697,1.21E+06,60.93%,628834,16.99%,574,1804,15,16742,14,,,,,,,,
A2, i02M3.dat,58.4738,0.2,737469,1.21E+06,61.08%,628834,17.28%,857,1804,15,16742,14,,,,,,,,
A2, i02M3.dat,63.9204,0.2,861467,1.21E+06,71.35%,628834,36.99%,236,1804,9,16742,8,,,,,,,,
A2, i02M3.dat,59.598,0.2,861306,1.21E+06,71.33%,628834,36.97%,162,1804,9,16742,8,,,,,,,,
A2, i02M3.dat,58.6195,0.2,735521,1.21E+06,60.92%,628834,16.97%,602,1804,16,16742,15,,,,,,,,
A2, i02M3.dat,59.8195,0.2,737501,1.21E+06,61.08%,628834,17.28%,650,1804,16,16742,15,,,,,,,,
A2, i02M3.dat,55.2155,0.2,737582,1.21E+06,61.09%,628834,17.29%,658,1804,15,16742,14,,,,,,,,
A2, i02M3.dat,55.8239,0.2,732231,1.21E+06,60.64%,628834,16.44%,173,1804,14,16742,13,,,,,,,,
A2, i02M3.dat,58.3635,0.2,738014,1.21E+06,61.12%,628834,17.36%,786,1804,16,16742,15,,,,,,,,
A2, i02M3.dat,60.9563,0.2,735237,1.21E+06,60.89%,628834,16.92%,557,1804,13,16742,12,,,,,,,,
A2, i02M3.dat,52.9126,0.2,861389,1.21E+06,71.34%,628834,36.98%,8,1804,8,16742,7,,,,,,,,
A2, i02M3.dat,54.1174,0.3,859497,1.21E+06,71.18%,628834,36.68%,750,1804,7,16742,6,,,,,,,,
A2, i02M3.dat,56.2671,0.3,858048,1.21E+06,71.06%,628834,36.45%,85,1804,7,16742,6,,,,,,,,
A2, i02M3.dat,54.3547,0.3,859727,1.21E+06,71.20%,628834,36.72%,213,1804,7,16742,6,,,,,,,,
A2, i02M3.dat,57.244,0.3,859244,1.21E+06,71.16%,628834,36.64%,389,1804,7,16742,6,,,,,,,,
A2, i02M3.dat,55.0317,0.3,733601,1.21E+06,60.76%,628834,16.66%,907,1804,12,16742,11,,,,,,,,
A2, i02M3.dat,54.8328,0.3,732995,1.21E+06,60.71%,628834,16.56%,323,1804,10,16742,9,,,,,,,,
A2, i02M3.dat,55.9901,0.3,859708,1.21E+06,71.20%,628834,36.71%,182,1804,6,16742,5,,,,,,,,
A2, i02M3.dat,54.6529,0.3,732140,1.21E+06,60.64%,628834,16.43%,747,1804,11,16742,10,,,,,,,,
A2, i02M3.dat,54.2604,0.3,733115,1.21E+06,60.72%,628834,16.58%,83,1804,12,16742,11,,,,,,,,
A2, i02M3.dat,53.2727,0.3,730972,1.21E+06,60.54%,628834,16.24%,923,1804,10,16742,9,,,,,,,,
A2, i02M3.dat,53.8064,0.3,736819,1.21E+06,61.02%,628834,17.17%,780,1804,13,16742,12,,,,,,,,
A2, i02M3.dat,53.4949,0.3,859824,1.21E+06,71.21%,628834,36.73%,720,1804,7,16742,6,,,,,,,,
A2, i02M3.dat,51.0726,0.3,859206,1.21E+06,71.16%,628834,36.63%,83,1804,7,16742,6,,,,,,,,
A2, i02M3.dat,51.375,0.3,732137,1.21E+06,60.64%,628834,16.43%,547,1804,11,16742,10,,,,,,,,
A2, i02M3.dat,53.2808,0.3,734519,1.21E+06,60.83%,628834,16.81%,327,1804,11,16742,10,,,,,,,,
A2, i02M3.dat,53.924,0.3,733012,1.21E+06,60.71%,628834,16.57%,690,1804,14,16742,13,,,,,,,,
A2, i02M3.dat,54.0938,0.3,859327,1.21E+06,71.17%,628834,36.65%,251,1804,6,16742,5,,,,,,,,
A2, i02M3.dat,55.2201,0.3,858159,1.21E+06,71.07%,628834,36.47%,761,1804,6,16742,5,,,,,,,,
A2, i02M3.dat,54.5012,0.3,732461,1.21E+06,60.66%,628834,16.48%,625,1804,11,16742,10,,,,,,,,
A2, i02M3.dat,54.1695,0.3,736344,1.21E+06,60.99%,628834,17.10%,126,1804,15,16742,14,,,,,,,,
A3, i02M3.dat,117.917,0.25,733487,1.21E+06,60.75%,628834,16.64%,1799,1804,11,16742,10,,,,,,,,
A3, i02M3.dat,118.533,0.45,733761,1.21E+06,60.77%,628834,16.69%,1931,1804,12,16742,11,,,,,,,,
A3, i02M3.dat,121.659,0.25,735821,1.21E+06,60.94%,628834,17.01%,881,1804,15,16742,14,,,,,,,,
A3, i02M3.dat,118.144,0.35,732383,1.21E+06,60.66%,628834,16.47%,1913,1804,10,16742,9,,,,,,,,
A3, i02M3.dat,117.901,0.15,736856,1.21E+06,61.03%,628834,17.18%,1716,1804,15,16742,14,,,,,,,,
A3, i02M3.dat,119.305,0.5,728984,1.21E+06,60.38%,628834,15.93%,1011,1804,7,16742,6,,,,,,,,
A3, i02M3.dat,118.93,0.05,740191,1.21E+06,61.30%,628834,17.71%,1937,1804,19,16742,18,,,,,,,,
A3, i02M3.dat,122.018,0.3,732729,1.21E+06,60.69%,628834,16.52%,831,1804,10,16742,9,,,,,,,,
A3, i02M3.dat,117.749,0.35,730657,1.21E+06,60.51%,628834,16.19%,1514,1804,9,16742,8,,,,,,,,
A3, i02M3.dat,123.174,0.2,739710,1.21E+06,61.26%,628834,17.63%,796,1804,16,16742,15,,,,,,,,
A3, i02M3.dat,123.834,0.2,737005,1.21E+06,61.04%,628834,17.20%,1522,1804,13,16742,12,,,,,,,,
A3, i02M3.dat,123.275,0.25,735776,1.21E+06,60.94%,628834,17.01%,1352,1804,13,16742,12,,,,,,,,
A3, i02M3.dat,123.729,0.1,739028,1.21E+06,61.21%,628834,17.52%,699,1804,17,16742,16,,,,,,,,
A3, i02M3.dat,118.365,0.05,743625,1.21E+06,61.59%,628834,18.25%,1185,1804,21,16742,20,,,,,,,,
A3, i02M3.dat,122.344,0.2,734996,1.21E+06,60.87%,628834,16.88%,541,1804,11,16742,10,,,,,,,,
A3, i02M3.dat,124.647,0.15,736742,1.21E+06,61.02%,628834,17.16%,1516,1804,15,16742,14,,,,,,,,
A3, i02M3.dat,120.934,0.25,731700,1.21E+06,60.60%,628834,16.36%,377,1804,10,16742,9,,,,,,,,
A3, i02M3.dat,119.138,0.25,734806,1.21E+06,60.86%,628834,16.85%,1206,1804,15,16742,14,,,,,,,,
A3, i02M3.dat,121.154,0.1,740989,1.21E+06,61.37%,628834,17.84%,1449,1804,19,16742,18,,,,,,,,
A3, i02M3.dat,116.322,0.45,732206,1.21E+06,60.64%,628834,16.44%,1976,1804,9,16742,8,,,,,,,,
A1, i03M1.dat,0.0745204,0,211252,675044,31.29%,139749,51.17%,0,1809,21,16764,20,,,,,,,,
A2, i03M1.dat,51.9229,0.1,203951,675044,30.21%,139749,45.94%,345,1809,16,16764,15,,50.66925,205766,139749,0.4723935,,,
A2, i03M1.dat,52.3419,0.1,204981,675044,30.37%,139749,46.68%,827,1809,17,16764,16,,48.60825,204208.5,139749,0.46125,,,
A2, i03M1.dat,50.6836,0.1,206146,675044,30.54%,139749,47.51%,154,1809,17,16764,16,,49.51015,326635.5,139749,1.337295,,,
A2, i03M1.dat,50.374,0.1,205414,675044,30.43%,139749,46.99%,586,1809,17,16764,16,,,117.365,205083.5,139749,0.467508,0.15,196364
A2, i03M1.dat,49.208,0.1,205820,675044,30.49%,139749,47.28%,625,1809,16,16764,15,,,,,,,,
A2, i03M1.dat,49.0181,0.1,207319,675044,30.71%,139749,48.35%,734,1809,18,16764,17,,,,,,,,
A2, i03M1.dat,53.8783,0.1,206183,675044,30.54%,139749,47.54%,809,1809,18,16764,17,,,,,,,,
A2, i03M1.dat,49.6403,0.1,207304,675044,30.71%,139749,48.34%,92,1809,17,16764,16,,,,,,,,
A2, i03M1.dat,51.1793,0.1,206129,675044,30.54%,139749,47.50%,357,1809,16,16764,15,,,,,,,,
A2, i03M1.dat,50.5094,0.1,205712,675044,30.47%,139749,47.20%,228,1809,18,16764,17,,,,,,,,
A2, i03M1.dat,49.3313,0.1,207536,675044,30.74%,139749,48.51%,970,1809,19,16764,18,,,,,,,,
A2, i03M1.dat,50.1235,0.1,204592,675044,30.31%,139749,46.40%,108,1809,17,16764,16,,,,,,,,
A2, i03M1.dat,50.8048,0.1,205227,675044,30.40%,139749,46.85%,62,1809,16,16764,15,,,,,,,,
A2, i03M1.dat,51.0708,0.1,205495,675044,30.44%,139749,47.05%,201,1809,17,16764,16,,,,,,,,
A2, i03M1.dat,50.6549,0.1,204812,675044,30.34%,139749,46.56%,619,1809,16,16764,15,,,,,,,,
A2, i03M1.dat,51.9607,0.1,206336,675044,30.57%,139749,47.65%,934,1809,17,16764,16,,,,,,,,
A2, i03M1.dat,48.7059,0.1,204823,675044,30.34%,139749,46.56%,238,1809,17,16764,16,,,,,,,,
A2, i03M1.dat,52.3372,0.1,206749,675044,30.63%,139749,47.94%,420,1809,18,16764,17,,,,,,,,
A2, i03M1.dat,52.268,0.1,205664,675044,30.47%,139749,47.17%,572,1809,16,16764,15,,,,,,,,
A2, i03M1.dat,49.4544,0.1,206132,675044,30.54%,139749,47.50%,931,1809,17,16764,16,,,,,,,,
A2, i03M1.dat,50.0556,0.2,203937,675044,30.21%,139749,45.93%,855,1809,14,16764,13,,,,,,,,
A2, i03M1.dat,48.4114,0.2,203878,675044,30.20%,139749,45.89%,30,1809,15,16764,14,,,,,,,,
A2, i03M1.dat,48.759,0.2,201341,675044,29.83%,139749,44.07%,411,1809,12,16764,11,,,,,,,,
A2, i03M1.dat,50.3652,0.2,204058,675044,30.23%,139749,46.02%,519,1809,14,16764,13,,,,,,,,
A2, i03M1.dat,49.0766,0.2,203215,675044,30.10%,139749,45.41%,786,1809,14,16764,13,,,,,,,,
A2, i03M1.dat,49.5868,0.2,205195,675044,30.40%,139749,46.83%,469,1809,14,16764,13,,,,,,,,
A2, i03M1.dat,49.2111,0.2,204829,675044,30.34%,139749,46.57%,857,1809,15,16764,14,,,,,,,,
A2, i03M1.dat,46.6789,0.2,204693,675044,30.32%,139749,46.47%,223,1809,14,16764,13,,,,,,,,
A2, i03M1.dat,46.666,0.2,202417,675044,29.99%,139749,44.84%,352,1809,13,16764,12,,,,,,,,
A2, i03M1.dat,46.5429,0.2,205068,675044,30.38%,139749,46.74%,179,1809,17,16764,16,,,,,,,,
A2, i03M1.dat,48.4575,0.2,200924,675044,29.76%,139749,43.77%,989,1809,13,16764,12,,,,,,,,
A2, i03M1.dat,50.0383,0.2,199531,675044,29.56%,139749,42.78%,333,1809,13,16764,12,,,,,,,,
A2, i03M1.dat,49.1798,0.2,201000,675044,29.78%,139749,43.83%,550,1809,12,16764,11,,,,,,,,
A2, i03M1.dat,47.8669,0.2,203436,675044,30.14%,139749,45.57%,766,1809,16,16764,15,,,,,,,,
A2, i03M1.dat,47.4405,0.2,204359,675044,30.27%,139749,46.23%,625,1809,15,16764,14,,,,,,,,
A2, i03M1.dat,47.2355,0.2,206935,675044,30.66%,139749,48.08%,756,1809,17,16764,16,,,,,,,,
A2, i03M1.dat,49.343,0.2,327319,675044,48.49%,139749,134.22%,566,1809,8,16764,7,,,,,,,,
A2, i03M1.dat,48.2894,0.2,205493,675044,30.44%,139749,47.04%,185,1809,16,16764,15,,,,,,,,
A2, i03M1.dat,49.3524,0.2,328211,675044,48.62%,139749,134.86%,864,1809,9,16764,8,,,,,,,,
A2, i03M1.dat,47.7577,0.2,327553,675044,48.52%,139749,134.39%,601,1809,8,16764,7,,,,,,,,
A2, i03M1.dat,47.322,0.3,327253,675044,48.48%,139749,134.17%,922,1809,8,16764,7,,,,,,,,
A2, i03M1.dat,50.8019,0.3,200190,675044,29.66%,139749,43.25%,535,1809,11,16764,10,,,,,,,,
A2, i03M1.dat,50.1618,0.3,325881,675044,48.28%,139749,133.19%,581,1809,7,16764,6,,,,,,,,
A2, i03M1.dat,47.4052,0.3,327167,675044,48.47%,139749,134.11%,38,1809,7,16764,6,,,,,,,,
A2, i03M1.dat,47.1773,0.3,326382,675044,48.35%,139749,133.55%,174,1809,6,16764,5,,,,,,,,
A2, i03M1.dat,47.1358,0.3,327114,675044,48.46%,139749,134.07%,767,1809,7,16764,6,,,,,,,,
A2, i03M1.dat,47.1516,0.3,327031,675044,48.45%,139749,134.01%,169,1809,7,16764,6,,,,,,,,
A2, i03M1.dat,49.0712,0.3,327019,675044,48.44%,139749,134.00%,322,1809,7,16764,6,,,,,,,,
A2, i03M1.dat,50.117,0.3,200824,675044,29.75%,139749,43.70%,756,1809,13,16764,12,,,,,,,,
A2, i03M1.dat,50.0517,0.3,201599,675044,29.86%,139749,44.26%,150,1809,11,16764,10,,,,,,,,
A2, i03M1.dat,50.9256,0.3,327176,675044,48.47%,139749,134.12%,846,1809,7,16764,6,,,,,,,,
A2, i03M1.dat,49.9491,0.3,197908,675044,29.32%,139749,41.62%,141,1809,10,16764,9,,,,,,,,
A2, i03M1.dat,50.4245,0.3,326776,675044,48.41%,139749,133.83%,442,1809,7,16764,6,,,,,,,,
A2, i03M1.dat,50.0376,0.3,326495,675044,48.37%,139749,133.63%,772,1809,6,16764,5,,,,,,,,
A2, i03M1.dat,53.5877,0.3,199652,675044,29.58%,139749,42.86%,823,1809,10,16764,9,,,,,,,,
A2, i03M1.dat,52.4953,0.3,326038,675044,48.30%,139749,133.30%,724,1809,7,16764,6,,,,,,,,
A2, i03M1.dat,48.2453,0.3,325655,675044,48.24%,139749,133.03%,535,1809,6,16764,5,,,,,,,,
A2, i03M1.dat,47.7376,0.3,327836,675044,48.57%,139749,134.59%,165,1809,7,16764,6,,,,,,,,
A2, i03M1.dat,48.6233,0.3,327167,675044,48.47%,139749,134.11%,569,1809,7,16764,6,,,,,,,,
A2, i03M1.dat,47.7927,0.3,328321,675044,48.64%,139749,134.94%,987,1809,8,16764,7,,,,,,,,
A3, i03M1.dat,119.159,0.15,204567,675044,30.30%,139749,46.38%,490,1809,16,16764,15,,,,,,,,
A3, i03M1.dat,115.747,0.1,205414,675044,30.43%,139749,46.99%,629,1809,17,16764,16,,,,,,,,
A3, i03M1.dat,116.219,0.1,207608,675044,30.75%,139749,48.56%,61,1809,17,16764,16,,,,,,,,
A3, i03M1.dat,117.856,0.3,202765,675044,30.04%,139749,45.09%,812,1809,14,16764,13,,,,,,,,
A3, i03M1.dat,115.926,0.15,202993,675044,30.07%,139749,45.26%,125,1809,15,16764,14,,,,,,,,
A3, i03M1.dat,119.829,0.05,207782,675044,30.78%,139749,48.68%,197,1809,19,16764,18,,,,,,,,
A3, i03M1.dat,116.214,0.15,205194,675044,30.40%,139749,46.83%,1529,1809,15,16764,14,,,,,,,,
A3, i03M1.dat,118.218,0.1,206606,675044,30.61%,139749,47.84%,1976,1809,17,16764,16,,,,,,,,
A3, i03M1.dat,118.26,0.25,202642,675044,30.02%,139749,45.00%,602,1809,13,16764,12,,,,,,,,
A3, i03M1.dat,116.881,0.05,207511,675044,30.74%,139749,48.49%,1468,1809,19,16764,18,,,,,,,,
A3, i03M1.dat,118.455,0.05,207469,675044,30.73%,139749,48.46%,1659,1809,18,16764,17,,,,,,,,
A3, i03M1.dat,116.565,0.1,206622,675044,30.61%,139749,47.85%,545,1809,18,16764,17,,,,,,,,
A3, i03M1.dat,116.655,0.5,196364,675044,29.09%,139749,40.51%,685,1809,7,16764,6,,,,,,,,
A3, i03M1.dat,122.704,0.15,207230,675044,30.70%,139749,48.29%,827,1809,15,16764,14,,,,,,,,
A3, i03M1.dat,124.926,0.15,202485,675044,30.00%,139749,44.89%,1331,1809,14,16764,13,,,,,,,,
A3, i03M1.dat,119.931,0.1,205719,675044,30.47%,139749,47.21%,360,1809,17,16764,16,,,,,,,,
A3, i03M1.dat,116.744,0.45,200114,675044,29.64%,139749,43.19%,1441,1809,10,16764,9,,,,,,,,
A3, i03M1.dat,116.36,0.15,204973,675044,30.36%,139749,46.67%,663,1809,16,16764,15,,,,,,,,
A3, i03M1.dat,117.849,0.4,196787,675044,29.15%,139749,40.81%,600,1809,8,16764,7,,,,,,,,
A3, i03M1.dat,112.817,0.25,203035,675044,30.08%,139749,45.29%,1129,1809,13,16764,12,,,,,,,,
A1, C3-A.dat,0.0016251,0,444,439,101.14%,414,7.25%,0,500,18,625,17,,,,,,,,
A2, C3-A.dat,0.820479,0.1,426,439,97.04%,414,2.90%,233,500,10,625,9,,0.82876,426,414,0.0289855,,,
A2, C3-A.dat,0.829324,0.1,426,439,97.04%,414,2.90%,578,500,10,625,9,,0.7446445,422,414,0.0193237,,,
A2, C3-A.dat,0.810727,0.1,426,439,97.04%,414,2.90%,129,500,10,625,9,,0.6959865,419,414,0.0120773,,,
A2, C3-A.dat,0.818364,0.1,427,439,97.27%,414,3.14%,580,500,10,625,9,,,1.538695,420.5,414,0.0157005,0.4,415
A2, C3-A.dat,0.820461,0.1,426,439,97.04%,414,2.90%,196,500,10,625,9,,,,,,,,
A2, C3-A.dat,0.813254,0.1,426,439,97.04%,414,2.90%,201,500,10,625,9,,,,,,,,
A2, C3-A.dat,0.816124,0.1,426,439,97.04%,414,2.90%,184,500,10,625,9,,,,,,,,
A2, C3-A.dat,0.827604,0.1,426,439,97.04%,414,2.90%,89,500,10,625,9,,,,,,,,
A2, C3-A.dat,0.829629,0.1,426,439,97.04%,414,2.90%,24,500,10,625,9,,,,,,,,
A2, C3-A.dat,0.835025,0.1,426,439,97.04%,414,2.90%,269,500,10,625,9,,,,,,,,
A2, C3-A.dat,0.806369,0.1,426,439,97.04%,414,2.90%,330,500,10,625,9,,,,,,,,
A2, C3-A.dat,0.840021,0.1,426,439,97.04%,414,2.90%,201,500,10,625,9,,,,,,,,
A2, C3-A.dat,0.838636,0.1,426,439,97.04%,414,2.90%,159,500,10,625,9,,,,,,,,
A2, C3-A.dat,0.861906,0.1,426,439,97.04%,414,2.90%,47,500,10,625,9,,,,,,,,
A2, C3-A.dat,0.84855,0.1,426,439,97.04%,414,2.90%,705,500,10,625,9,,,,,,,,
A2, C3-A.dat,0.851207,0.1,426,439,97.04%,414,2.90%,193,500,10,625,9,,,,,,,,
A2, C3-A.dat,0.847988,0.1,426,439,97.04%,414,2.90%,195,500,10,625,9,,,,,,,,
A2, C3-A.dat,0.823612,0.1,426,439,97.04%,414,2.90%,234,500,10,625,9,,,,,,,,
A2, C3-A.dat,0.828196,0.1,426,439,97.04%,414,2.90%,59,500,10,625,9,,,,,,,,
A2, C3-A.dat,0.851447,0.1,426,439,97.04%,414,2.90%,490,500,10,625,9,,,,,,,,
A2, C3-A.dat,0.732704,0.2,419,439,95.44%,414,1.21%,872,500,8,625,7,,,,,,,,
A2, C3-A.dat,0.735996,0.2,422,439,96.13%,414,1.93%,554,500,9,625,8,,,,,,,,
A2, C3-A.dat,0.741401,0.2,419,439,95.44%,414,1.21%,906,500,8,625,7,,,,,,,,
A2, C3-A.dat,0.741491,0.2,422,439,96.13%,414,1.93%,789,500,9,625,8,,,,,,,,
A2, C3-A.dat,0.738937,0.2,424,439,96.58%,414,2.42%,100,500,6,625,5,,,,,,,,
A2, C3-A.dat,0.745972,0.2,422,439,96.13%,414,1.93%,998,500,9,625,8,,,,,,,,
A2, C3-A.dat,0.747891,0.2,424,439,96.58%,414,2.42%,30,500,13,625,12,,,,,,,,
A2, C3-A.dat,0.758832,0.2,419,439,95.44%,414,1.21%,630,500,8,625,7,,,,,,,,
A2, C3-A.dat,0.756563,0.2,425,439,96.81%,414,2.66%,850,500,7,625,6,,,,,,,,
A2, C3-A.dat,0.741007,0.2,424,439,96.58%,414,2.42%,111,500,6,625,5,,,,,,,,
A2, C3-A.dat,0.748298,0.2,422,439,96.13%,414,1.93%,809,500,9,625,8,,,,,,,,
A2, C3-A.dat,0.747362,0.2,422,439,96.13%,414,1.93%,811,500,9,625,8,,,,,,,,
A2, C3-A.dat,0.746538,0.2,422,439,96.13%,414,1.93%,280,500,9,625,8,,,,,,,,
A2, C3-A.dat,0.757894,0.2,419,439,95.44%,414,1.21%,192,500,8,625,7,,,,,,,,
A2, C3-A.dat,0.745168,0.2,422,439,96.13%,414,1.93%,172,500,9,625,8,,,,,,,,
A2, C3-A.dat,0.750272,0.2,419,439,95.44%,414,1.21%,367,500,8,625,7,,,,,,,,
A2, C3-A.dat,0.742571,0.2,425,439,96.81%,414,2.66%,426,500,7,625,6,,,,,,,,
A2, C3-A.dat,0.74175,0.2,422,439,96.13%,414,1.93%,65,500,8,625,7,,,,,,,,
A2, C3-A.dat,0.744121,0.2,422,439,96.13%,414,1.93%,751,500,9,625,8,,,,,,,,
A2, C3-A.dat,0.738545,0.2,419,439,95.44%,414,1.21%,178,500,8,625,7,,,,,,,,
A2, C3-A.dat,0.689647,0.3,423,439,96.36%,414,2.17%,928,500,6,625,5,,,,,,,,
A2, C3-A.dat,0.696343,0.3,419,439,95.44%,414,1.21%,242,500,8,625,7,,,,,,,,
A2, C3-A.dat,0.693796,0.3,419,439,95.44%,414,1.21%,995,500,8,625,7,,,,,,,,
A2, C3-A.dat,0.698909,0.3,418,439,95.22%,414,0.97%,710,500,7,625,6,,,,,,,,
A2, C3-A.dat,0.693662,0.3,423,439,96.36%,414,2.17%,358,500,9,625,8,,,,,,,,
A2, C3-A.dat,0.695115,0.3,419,439,95.44%,414,1.21%,626,500,8,625,7,,,,,,,,
A2, C3-A.dat,0.697475,0.3,419,439,95.44%,414,1.21%,299,500,8,625,7,,,,,,,,
A2, C3-A.dat,0.699018,0.3,419,439,95.44%,414,1.21%,853,500,8,625,7,,,,,,,,
A2, C3-A.dat,0.695229,0.3,419,439,95.44%,414,1.21%,350,500,8,625,7,,,,,,,,
A2, C3-A.dat,0.697787,0.3,418,439,95.22%,414,0.97%,966,500,7,625,6,,,,,,,,
A2, C3-A.dat,0.695757,0.3,419,439,95.44%,414,1.21%,747,500,8,625,7,,,,,,,,
A2, C3-A.dat,0.707425,0.3,419,439,95.44%,414,1.21%,859,500,8,625,7,,,,,,,,
A2, C3-A.dat,0.691531,0.3,421,439,95.90%,414,1.69%,649,500,6,625,5,,,,,,,,
A2, C3-A.dat,0.694663,0.3,422,439,96.13%,414,1.93%,650,500,9,625,8,,,,,,,,
A2, C3-A.dat,0.690725,0.3,419,439,95.44%,414,1.21%,161,500,8,625,7,,,,,,,,
A2, C3-A.dat,0.695512,0.3,420,439,95.67%,414,1.45%,931,500,12,625,11,,,,,,,,
A2, C3-A.dat,0.697793,0.3,419,439,95.44%,414,1.21%,52,500,8,625,7,,,,,,,,
A2, C3-A.dat,0.696216,0.3,423,439,96.36%,414,2.17%,391,500,9,625,8,,,,,,,,
A2, C3-A.dat,0.702481,0.3,421,439,95.90%,414,1.69%,502,500,8,625,7,,,,,,,,
A2, C3-A.dat,0.706161,0.3,418,439,95.22%,414,0.97%,823,500,8,625,7,,,,,,,,
A3, C3-A.dat,1.54225,0.4,418,439,95.22%,414,0.97%,794,500,7,625,6,,,,,,,,
A3, C3-A.dat,1.54501,0.5,419,439,95.44%,414,1.21%,713,500,5,625,4,,,,,,,,
A3, C3-A.dat,1.52603,0.4,421,439,95.90%,414,1.69%,420,500,10,625,9,,,,,,,,
A3, C3-A.dat,1.54252,0.5,423,439,96.36%,414,2.17%,650,500,6,625,5,,,,,,,,
A3, C3-A.dat,1.53675,0.2,419,439,95.44%,414,1.21%,53,500,8,625,7,,,,,,,,
A3, C3-A.dat,1.54497,0.2,422,439,96.13%,414,1.93%,1481,500,9,625,8,,,,,,,,
A3, C3-A.dat,1.53637,0.5,423,439,96.36%,414,2.17%,6,500,6,625,5,,,,,,,,
A3, C3-A.dat,1.53649,0.45,422,439,96.13%,414,1.93%,1711,500,5,625,4,,,,,,,,
A3, C3-A.dat,1.53475,0.3,418,439,95.22%,414,0.97%,554,500,7,625,6,,,,,,,,
A3, C3-A.dat,1.53653,0.45,422,439,96.13%,414,1.93%,501,500,7,625,6,,,,,,,,
A3, C3-A.dat,1.53978,0.25,421,439,95.90%,414,1.69%,1978,500,6,625,5,,,,,,,,
A3, C3-A.dat,1.52999,0.3,420,439,95.67%,414,1.45%,297,500,12,625,11,,,,,,,,
A3, C3-A.dat,1.54931,0.5,420,439,95.67%,414,1.45%,1999,500,11,625,10,,,,,,,,
A3, C3-A.dat,1.54549,0.3,419,439,95.44%,414,1.21%,1933,500,8,625,7,,,,,,,,
A3, C3-A.dat,1.54914,0.15,422,439,96.13%,414,1.93%,699,500,9,625,8,,,,,,,,
A3, C3-A.dat,1.53812,0.5,421,439,95.90%,414,1.69%,525,500,6,625,5,,,,,,,,
A3, C3-A.dat,1.546,0.4,423,439,96.36%,414,2.17%,629,500,6,625,5,,,,,,,,
A3, C3-A.dat,1.53927,0.45,419,439,95.44%,414,1.21%,340,500,9,625,8,,,,,,,,
A3, C3-A.dat,1.53701,0.3,420,439,95.67%,414,1.45%,1618,500,10,625,9,,,,,,,,
A3, C3-A.dat,1.53716,0.5,415,439,94.53%,414,0.24%,115,500,7,625,6,,,,,,,,
A1, C2-A.dat,0.000959126,0,59,59,100%,50,18%,0,500,4,625,3,,,,,,,,
A2, C2-A.dat,0.662861,0.1,54,59,91.53%,50,8%,257,500,1,625,0,,0.670029,54,50,0.08,,,
A2, C2-A.dat,0.66319,0.1,54,59,91.53%,50,8%,131,500,1,625,0,,0.654047,54,50,0.08,,,
A2, C2-A.dat,0.666567,0.1,54,59,91.53%,50,8%,41,500,1,625,0,,0.651453,53,50,0.06,,,
A2, C2-A.dat,0.675183,0.1,54,59,91.53%,50,8%,102,500,1,625,0,,,1.3691,53,50,0.06,0.375,53
A2, C2-A.dat,0.670095,0.1,54,59,91.53%,50,8%,5,500,1,625,0,,,,,,,,
A2, C2-A.dat,0.674122,0.1,54,59,91.53%,50,8%,6,500,1,625,0,,,,,,,,
A2, C2-A.dat,0.669787,0.1,54,59,91.53%,50,8%,28,500,1,625,0,,,,,,,,
A2, C2-A.dat,0.668251,0.1,54,59,91.53%,50,8%,97,500,1,625,0,,,,,,,,
A2, C2-A.dat,0.674456,0.1,54,59,91.53%,50,8%,27,500,1,625,0,,,,,,,,
A2, C2-A.dat,0.669369,0.1,54,59,91.53%,50,8%,20,500,1,625,0,,,,,,,,
A2, C2-A.dat,0.674369,0.1,54,59,91.53%,50,8%,123,500,1,625,0,,,,,,,,
A2, C2-A.dat,0.677461,0.1,54,59,91.53%,50,8%,36,500,1,625,0,,,,,,,,
A2, C2-A.dat,0.674521,0.1,54,59,91.53%,50,8%,86,500,1,625,0,,,,,,,,
A2, C2-A.dat,0.666226,0.1,54,59,91.53%,50,8%,83,500,1,625,0,,,,,,,,
A2, C2-A.dat,0.66943,0.1,54,59,91.53%,50,8%,135,500,1,625,0,,,,,,,,
A2, C2-A.dat,0.669846,0.1,54,59,91.53%,50,8%,19,500,1,625,0,,,,,,,,
A2, C2-A.dat,0.670702,0.1,54,59,91.53%,50,8%,96,500,1,625,0,,,,,,,,
A2, C2-A.dat,0.67134,0.1,54,59,91.53%,50,8%,47,500,1,625,0,,,,,,,,
A2, C2-A.dat,0.672443,0.1,54,59,91.53%,50,8%,50,500,1,625,0,,,,,,,,
A2, C2-A.dat,0.669963,0.1,54,59,91.53%,50,8%,24,500,1,625,0,,,,,,,,
A2, C2-A.dat,0.649933,0.2,54,59,91.53%,50,8%,49,500,1,625,0,,,,,,,,
A2, C2-A.dat,0.661091,0.2,54,59,91.53%,50,8%,26,500,1,625,0,,,,,,,,
A2, C2-A.dat,0.653836,0.2,54,59,91.53%,50,8%,49,500,1,625,0,,,,,,,,
A2, C2-A.dat,0.656561,0.2,54,59,91.53%,50,8%,6,500,1,625,0,,,,,,,,
A2, C2-A.dat,0.649938,0.2,54,59,91.53%,50,8%,17,500,1,625,0,,,,,,,,
A2, C2-A.dat,0.657194,0.2,54,59,91.53%,50,8%,12,500,1,625,0,,,,,,,,
A2, C2-A.dat,0.653289,0.2,54,59,91.53%,50,8%,71,500,1,625,0,,,,,,,,
A2, C2-A.dat,0.653316,0.2,54,59,91.53%,50,8%,6,500,1,625,0,,,,,,,,
A2, C2-A.dat,0.653696,0.2,54,59,91.53%,50,8%,5,500,1,625,0,,,,,,,,
A2, C2-A.dat,0.653935,0.2,54,59,91.53%,50,8%,15,500,1,625,0,,,,,,,,
A2, C2-A.dat,0.66007,0.2,54,59,91.53%,50,8%,1,500,1,625,0,,,,,,,,
A2, C2-A.dat,0.658054,0.2,54,59,91.53%,50,8%,3,500,1,625,0,,,,,,,,
A2, C2-A.dat,0.65527,0.2,54,59,91.53%,50,8%,20,500,1,625,0,,,,,,,,
A2, C2-A.dat,0.655825,0.2,54,59,91.53%,50,8%,26,500,1,625,0,,,,,,,,
A2, C2-A.dat,0.653964,0.2,54,59,91.53%,50,8%,30,500,1,625,0,,,,,,,,
A2, C2-A.dat,0.65504,0.2,54,59,91.53%,50,8%,103,500,1,625,0,,,,,,,,
A2, C2-A.dat,0.652065,0.2,54,59,91.53%,50,8%,17,500,1,625,0,,,,,,,,
A2, C2-A.dat,0.65413,0.2,54,59,91.53%,50,8%,26,500,1,625,0,,,,,,,,
A2, C2-A.dat,0.653478,0.2,54,59,91.53%,50,8%,2,500,1,625,0,,,,,,,,
A2, C2-A.dat,0.659566,0.2,54,59,91.53%,50,8%,28,500,1,625,0,,,,,,,,
A2, C2-A.dat,0.651031,0.3,53,59,89.83%,50,6%,88,500,2,625,1,,,,,,,,
A2, C2-A.dat,0.649222,0.3,53,59,89.83%,50,6%,210,500,2,625,1,,,,,,,,
A2, C2-A.dat,0.655043,0.3,53,59,89.83%,50,6%,92,500,2,625,1,,,,,,,,
A2, C2-A.dat,0.65411,0.3,53,59,89.83%,50,6%,99,500,2,625,1,,,,,,,,
A2, C2-A.dat,0.651089,0.3,53,59,89.83%,50,6%,58,500,2,625,1,,,,,,,,
A2, C2-A.dat,0.648748,0.3,53,59,89.83%,50,6%,185,500,2,625,1,,,,,,,,
A2, C2-A.dat,0.647395,0.3,53,59,89.83%,50,6%,66,500,2,625,1,,,,,,,,
A2, C2-A.dat,0.651817,0.3,53,59,89.83%,50,6%,135,500,2,625,1,,,,,,,,
A2, C2-A.dat,0.649912,0.3,53,59,89.83%,50,6%,36,500,2,625,1,,,,,,,,
A2, C2-A.dat,0.662688,0.3,53,59,89.83%,50,6%,74,500,2,625,1,,,,,,,,
A2, C2-A.dat,0.648272,0.3,53,59,89.83%,50,6%,138,500,2,625,1,,,,,,,,
A2, C2-A.dat,0.656023,0.3,53,59,89.83%,50,6%,200,500,2,625,1,,,,,,,,
A2, C2-A.dat,0.65643,0.3,53,59,89.83%,50,6%,244,500,2,625,1,,,,,,,,
A2, C2-A.dat,0.649009,0.3,53,59,89.83%,50,6%,196,500,2,625,1,,,,,,,,
A2, C2-A.dat,0.648247,0.3,53,59,89.83%,50,6%,96,500,2,625,1,,,,,,,,
A2, C2-A.dat,0.650754,0.3,53,59,89.83%,50,6%,120,500,2,625,1,,,,,,,,
A2, C2-A.dat,0.66099,0.3,53,59,89.83%,50,6%,27,500,2,625,1,,,,,,,,
A2, C2-A.dat,0.663901,0.3,53,59,89.83%,50,6%,178,500,2,625,1,,,,,,,,
A2, C2-A.dat,0.654885,0.3,53,59,89.83%,50,6%,122,500,2,625,1,,,,,,,,
A2, C2-A.dat,0.657642,0.3,53,59,89.83%,50,6%,181,500,2,625,1,,,,,,,,
A3, C2-A.dat,1.36388,0.3,53,59,89.83%,50,6%,253,500,2,625,1,,,,,,,,
A3, C2-A.dat,1.38561,0.4,53,59,89.83%,50,6%,110,500,2,625,1,,,,,,,,
A3, C2-A.dat,1.37285,0.5,53,59,89.83%,50,6%,645,500,2,625,1,,,,,,,,
A3, C2-A.dat,1.37373,0.5,53,59,89.83%,50,6%,143,500,2,625,1,,,,,,,,
A3, C2-A.dat,1.37176,0.45,53,59,89.83%,50,6%,17,500,2,625,1,,,,,,,,
A3, C2-A.dat,1.36235,0.5,53,59,89.83%,50,6%,189,500,2,625,1,,,,,,,,
A3, C2-A.dat,1.36974,0.3,53,59,89.83%,50,6%,199,500,2,625,1,,,,,,,,
A3, C2-A.dat,1.36951,0.4,53,59,89.83%,50,6%,10,500,2,625,1,,,,,,,,
A3, C2-A.dat,1.36134,0.3,53,59,89.83%,50,6%,4,500,2,625,1,,,,,,,,
A3, C2-A.dat,1.3675,0.5,53,59,89.83%,50,6%,241,500,2,625,1,,,,,,,,
A3, C2-A.dat,1.36301,0.35,53,59,89.83%,50,6%,2,500,2,625,1,,,,,,,,
A3, C2-A.dat,1.37742,0.4,53,59,89.83%,50,6%,107,500,2,625,1,,,,,,,,
A3, C2-A.dat,1.36609,0.35,53,59,89.83%,50,6%,595,500,2,625,1,,,,,,,,
A3, C2-A.dat,1.36602,0.4,53,59,89.83%,50,6%,639,500,2,625,1,,,,,,,,
A3, C2-A.dat,1.36779,0.3,53,59,89.83%,50,6%,123,500,2,625,1,,,,,,,,
A3, C2-A.dat,1.37076,0.3,53,59,89.83%,50,6%,9,500,2,625,1,,,,,,,,
A3, C2-A.dat,1.36225,0.3,53,59,89.83%,50,6%,163,500,2,625,1,,,,,,,,
A3, C2-A.dat,1.36869,0.4,53,59,89.83%,50,6%,200,500,2,625,1,,,,,,,,
A3, C2-A.dat,1.37001,0.3,53,59,89.83%,50,6%,61,500,2,625,1,,,,,,,,
A3, C2-A.dat,1.37056,0.35,53,59,89.83%,50,6%,138,500,2,625,1,,,,,,,,
A1, D12-A.dat,0.0176152,0,117,59,198.31%,42,178.57%,0,1000,21,5000,20,,,,,,,,
A2, D12-A.dat,9.64736,0.1,58,59,98.31%,42,38.10%,409,1000,3,5000,2,,10.0428,55,42,0.309524,,,
A2, D12-A.dat,10.1308,0.1,55,59,93.22%,42,30.95%,931,1000,3,5000,2,,9.36394,55,42,0.309524,,,
A2, D12-A.dat,10.0385,0.1,55,59,93.22%,42,30.95%,564,1000,3,5000,2,,9.56852,52,42,0.238095,,,
A2, D12-A.dat,10.6007,0.1,55,59,93.22%,42,30.95%,178,1000,3,5000,2,,,20.38365,52,42,0.238095,0.35,51
A2, D12-A.dat,9.28801,0.1,55,59,93.22%,42,30.95%,315,1000,3,5000,2,,,,,,,,
A2, D12-A.dat,10.2278,0.1,57,59,96.61%,42,35.71%,267,1000,3,5000,2,,,,,,,,
A2, D12-A.dat,9.53445,0.1,57,59,96.61%,42,35.71%,394,1000,3,5000,2,,,,,,,,
A2, D12-A.dat,10.1405,0.1,57,59,96.61%,42,35.71%,368,1000,3,5000,2,,,,,,,,
A2, D12-A.dat,10.1928,0.1,57,59,96.61%,42,35.71%,297,1000,3,5000,2,,,,,,,,
A2, D12-A.dat,9.80993,0.1,55,59,93.22%,42,30.95%,833,1000,3,5000,2,,,,,,,,
A2, D12-A.dat,9.5668,0.1,55,59,93.22%,42,30.95%,346,1000,3,5000,2,,,,,,,,
A2, D12-A.dat,9.81076,0.1,57,59,96.61%,42,35.71%,198,1000,3,5000,2,,,,,,,,
A2, D12-A.dat,9.90917,0.1,57,59,96.61%,42,35.71%,245,1000,3,5000,2,,,,,,,,
A2, D12-A.dat,9.92087,0.1,55,59,93.22%,42,30.95%,102,1000,3,5000,2,,,,,,,,
A2, D12-A.dat,9.70405,0.1,57,59,96.61%,42,35.71%,601,1000,3,5000,2,,,,,,,,
A2, D12-A.dat,10.4895,0.1,55,59,93.22%,42,30.95%,94,1000,3,5000,2,,,,,,,,
A2, D12-A.dat,10.0471,0.1,55,59,93.22%,42,30.95%,852,1000,3,5000,2,,,,,,,,
A2, D12-A.dat,10.5193,0.1,55,59,93.22%,42,30.95%,594,1000,3,5000,2,,,,,,,,
A2, D12-A.dat,10.0878,0.1,57,59,96.61%,42,35.71%,175,1000,3,5000,2,,,,,,,,
A2, D12-A.dat,10.2161,0.1,55,59,93.22%,42,30.95%,87,1000,3,5000,2,,,,,,,,
A2, D12-A.dat,10.0552,0.2,55,59,93.22%,42,30.95%,146,1000,2,5000,1,,,,,,,,
A2, D12-A.dat,9.69096,0.2,55,59,93.22%,42,30.95%,170,1000,3,5000,2,,,,,,,,
A2, D12-A.dat,9.61292,0.2,55,59,93.22%,42,30.95%,504,1000,3,5000,2,,,,,,,,
A2, D12-A.dat,9.84093,0.2,54,59,91.53%,42,28.57%,984,1000,2,5000,1,,,,,,,,
A2, D12-A.dat,10.3236,0.2,55,59,93.22%,42,30.95%,191,1000,2,5000,1,,,,,,,,
A2, D12-A.dat,10.2128,0.2,55,59,93.22%,42,30.95%,186,1000,2,5000,1,,,,,,,,
A2, D12-A.dat,9.80819,0.2,55,59,93.22%,42,30.95%,98,1000,2,5000,1,,,,,,,,
A2, D12-A.dat,8.95644,0.2,55,59,93.22%,42,30.95%,62,1000,2,5000,1,,,,,,,,
A2, D12-A.dat,8.74812,0.2,55,59,93.22%,42,30.95%,32,1000,2,5000,1,,,,,,,,
A2, D12-A.dat,9.04248,0.2,55,59,93.22%,42,30.95%,478,1000,3,5000,2,,,,,,,,
A2, D12-A.dat,8.69403,0.2,55,59,93.22%,42,30.95%,339,1000,2,5000,1,,,,,,,,
A2, D12-A.dat,9.24389,0.2,55,59,93.22%,42,30.95%,112,1000,2,5000,1,,,,,,,,
A2, D12-A.dat,8.76917,0.2,55,59,93.22%,42,30.95%,78,1000,4,5000,3,,,,,,,,
A2, D12-A.dat,8.85604,0.2,56,59,94.92%,42,33.33%,177,1000,2,5000,1,,,,,,,,
A2, D12-A.dat,9.05338,0.2,55,59,93.22%,42,30.95%,749,1000,3,5000,2,,,,,,,,
A2, D12-A.dat,8.90373,0.2,55,59,93.22%,42,30.95%,335,1000,3,5000,2,,,,,,,,
A2, D12-A.dat,9.51309,0.2,55,59,93.22%,42,30.95%,171,1000,3,5000,2,,,,,,,,
A2, D12-A.dat,9.66954,0.2,55,59,93.22%,42,30.95%,127,1000,2,5000,1,,,,,,,,
A2, D12-A.dat,9.42158,0.2,55,59,93.22%,42,30.95%,152,1000,3,5000,2,,,,,,,,
A2, D12-A.dat,9.3063,0.2,55,59,93.22%,42,30.95%,337,1000,4,5000,3,,,,,,,,
A2, D12-A.dat,9.05916,0.3,54,59,91.53%,42,28.57%,114,1000,6,5000,5,,,,,,,,
A2, D12-A.dat,9.24084,0.3,52,59,88.14%,42,23.81%,465,1000,2,5000,1,,,,,,,,
A2, D12-A.dat,9.95409,0.3,52,59,88.14%,42,23.81%,488,1000,2,5000,1,,,,,,,,
A2, D12-A.dat,9.59077,0.3,52,59,88.14%,42,23.81%,74,1000,2,5000,1,,,,,,,,
A2, D12-A.dat,9.53835,0.3,52,59,88.14%,42,23.81%,649,1000,2,5000,1,,,,,,,,
A2, D12-A.dat,10.04,0.3,53,59,89.83%,42,26.19%,644,1000,3,5000,2,,,,,,,,
A2, D12-A.dat,10.0212,0.3,52,59,88.14%,42,23.81%,403,1000,2,5000,1,,,,,,,,
A2, D12-A.dat,9.222,0.3,54,59,91.53%,42,28.57%,256,1000,2,5000,1,,,,,,,,
A2, D12-A.dat,9.72384,0.3,54,59,91.53%,42,28.57%,416,1000,4,5000,3,,,,,,,,
A2, D12-A.dat,9.40529,0.3,52,59,88.14%,42,23.81%,176,1000,2,5000,1,,,,,,,,
A2, D12-A.dat,9.65054,0.3,52,59,88.14%,42,23.81%,366,1000,2,5000,1,,,,,,,,
A2, D12-A.dat,9.92639,0.3,52,59,88.14%,42,23.81%,182,1000,2,5000,1,,,,,,,,
A2, D12-A.dat,10.1494,0.3,52,59,88.14%,42,23.81%,38,1000,2,5000,1,,,,,,,,
A2, D12-A.dat,9.89726,0.3,53,59,89.83%,42,26.19%,523,1000,6,5000,5,,,,,,,,
A2, D12-A.dat,9.08785,0.3,52,59,88.14%,42,23.81%,732,1000,2,5000,1,,,,,,,,
A2, D12-A.dat,9.50089,0.3,54,59,91.53%,42,28.57%,217,1000,2,5000,1,,,,,,,,
A2, D12-A.dat,9.9031,0.3,52,59,88.14%,42,23.81%,523,1000,2,5000,1,,,,,,,,
A2, D12-A.dat,9.42785,0.3,54,59,91.53%,42,28.57%,695,1000,2,5000,1,,,,,,,,
A2, D12-A.dat,9.54627,0.3,54,59,91.53%,42,28.57%,46,1000,5,5000,4,,,,,,,,
A2, D12-A.dat,9.46167,0.3,52,59,88.14%,42,23.81%,653,1000,2,5000,1,,,,,,,,
A3, D12-A.dat,19.8636,0.25,52,59,88.14%,42,23.81%,1361,1000,2,5000,1,,,,,,,,
A3, D12-A.dat,20.3822,0.35,51,59,86.44%,42,21.43%,738,1000,4,5000,3,,,,,,,,
A3, D12-A.dat,20.3364,0.5,52,59,88.14%,42,23.81%,1442,1000,2,5000,1,,,,,,,,
A3, D12-A.dat,20.268,0.3,52,59,88.14%,42,23.81%,1231,1000,2,5000,1,,,,,,,,
A3, D12-A.dat,20.6963,0.35,52,59,88.14%,42,23.81%,206,1000,2,5000,1,,,,,,,,
A3, D12-A.dat,20.2056,0.35,52,59,88.14%,42,23.81%,1387,1000,2,5000,1,,,,,,,,
A3, D12-A.dat,21.2124,0.45,52,59,88.14%,42,23.81%,741,1000,3,5000,2,,,,,,,,
A3, D12-A.dat,20.3563,0.3,52,59,88.14%,42,23.81%,1596,1000,2,5000,1,,,,,,,,
A3, D12-A.dat,20.8509,0.45,54,59,91.53%,42,28.57%,387,1000,1,5000,0,,,,,,,,
A3, D12-A.dat,19.7836,0.4,52,59,88.14%,42,23.81%,631,1000,4,5000,3,,,,,,,,
A3, D12-A.dat,20.6157,0.4,52,59,88.14%,42,23.81%,614,1000,2,5000,1,,,,,,,,
A3, D12-A.dat,20.3359,0.3,52,59,88.14%,42,23.81%,1417,1000,2,5000,1,,,,,,,,
A3, D12-A.dat,20.954,0.35,52,59,88.14%,42,23.81%,63,1000,2,5000,1,,,,,,,,
A3, D12-A.dat,20.1623,0.35,52,59,88.14%,42,23.81%,143,1000,2,5000,1,,,,,,,,
A3, D12-A.dat,20.8319,0.45,51,59,86.44%,42,21.43%,17,1000,4,5000,3,,,,,,,,
A3, D12-A.dat,20.2341,0.3,54,59,91.53%,42,28.57%,462,1000,2,5000,1,,,,,,,,
A3, D12-A.dat,20.9455,0.25,52,59,88.14%,42,23.81%,322,1000,2,5000,1,,,,,,,,
A3, D12-A.dat,20.3851,0.5,51,59,86.44%,42,21.43%,598,1000,2,5000,1,,,,,,,,
A3, D12-A.dat,20.6171,0.5,54,59,91.53%,42,28.57%,619,1000,1,5000,0,,,,,,,,
A3, D12-A.dat,20.5911,0.5,52,59,88.14%,42,23.81%,796,1000,2,5000,1,,,,,,,,
A1, i01M1.dat,0.0448196,0,119925,119925,100%,109272,9.75%,0,1803,1,16745,0,,,,,,,,
A2, i01M1.dat,46.2208,0.1,119925,119925,100%,109272,9.75%,0,1803,0,16745,0,,48.20185,119925,109272,0.0974932,,,
A2, i01M1.dat,49.5033,0.1,119925,119925,100%,109272,9.75%,0,1803,0,16745,0,,47.6403,119925,109272,0.0974932,,,
A2, i01M1.dat,48.7901,0.1,119925,119925,100%,109272,9.75%,0,1803,0,16745,0,,48.78075,119925,109272,0.0974932,,,
A2, i01M1.dat,53.4674,0.1,119925,119925,100%,109272,9.75%,0,1803,0,16745,0,,,116.4295,119925,109272,0.0974932,0.275,119925
A2, i01M1.dat,49.041,0.1,119925,119925,100%,109272,9.75%,0,1803,0,16745,0,,,,,,,,
A2, i01M1.dat,49.6458,0.1,119925,119925,100%,109272,9.75%,0,1803,0,16745,0,,,,,,,,
A2, i01M1.dat,47.6136,0.1,119925,119925,100%,109272,9.75%,0,1803,0,16745,0,,,,,,,,
A2, i01M1.dat,49.945,0.1,119925,119925,100%,109272,9.75%,0,1803,0,16745,0,,,,,,,,
A2, i01M1.dat,46.7262,0.1,119925,119925,100%,109272,9.75%,0,1803,0,16745,0,,,,,,,,
A2, i01M1.dat,51.9318,0.1,119925,119925,100%,109272,9.75%,0,1803,0,16745,0,,,,,,,,
A2, i01M1.dat,47.3972,0.1,119925,119925,100%,109272,9.75%,0,1803,0,16745,0,,,,,,,,
A2, i01M1.dat,47.5034,0.1,119925,119925,100%,109272,9.75%,0,1803,0,16745,0,,,,,,,,
A2, i01M1.dat,45.8624,0.1,119925,119925,100%,109272,9.75%,0,1803,0,16745,0,,,,,,,,
A2, i01M1.dat,47.0333,0.1,119925,119925,100%,109272,9.75%,0,1803,0,16745,0,,,,,,,,
A2, i01M1.dat,45.2125,0.1,119925,119925,100%,109272,9.75%,0,1803,0,16745,0,,,,,,,,
A2, i01M1.dat,46.6484,0.1,119925,119925,100%,109272,9.75%,0,1803,0,16745,0,,,,,,,,
A2, i01M1.dat,45.8342,0.1,119925,119925,100%,109272,9.75%,0,1803,0,16745,0,,,,,,,,
A2, i01M1.dat,48.8973,0.1,119925,119925,100%,109272,9.75%,0,1803,0,16745,0,,,,,,,,
A2, i01M1.dat,52.9225,0.1,119925,119925,100%,109272,9.75%,0,1803,0,16745,0,,,,,,,,
A2, i01M1.dat,51.5441,0.1,119925,119925,100%,109272,9.75%,0,1803,0,16745,0,,,,,,,,
A2, i01M1.dat,54.2719,0.2,119925,119925,100%,109272,9.75%,0,1803,0,16745,0,,,,,,,,
A2, i01M1.dat,51.363,0.2,119925,119925,100%,109272,9.75%,0,1803,0,16745,0,,,,,,,,
A2, i01M1.dat,46.948,0.2,119925,119925,100%,109272,9.75%,0,1803,0,16745,0,,,,,,,,
A2, i01M1.dat,48.9189,0.2,119925,119925,100%,109272,9.75%,0,1803,0,16745,0,,,,,,,,
A2, i01M1.dat,49.1778,0.2,119925,119925,100%,109272,9.75%,0,1803,0,16745,0,,,,,,,,
A2, i01M1.dat,49.6567,0.2,119925,119925,100%,109272,9.75%,0,1803,0,16745,0,,,,,,,,
A2, i01M1.dat,47.1334,0.2,119925,119925,100%,109272,9.75%,0,1803,0,16745,0,,,,,,,,
A2, i01M1.dat,51.3584,0.2,119925,119925,100%,109272,9.75%,0,1803,0,16745,0,,,,,,,,
A2, i01M1.dat,47.4868,0.2,119925,119925,100%,109272,9.75%,0,1803,0,16745,0,,,,,,,,
A2, i01M1.dat,49.7341,0.2,119925,119925,100%,109272,9.75%,0,1803,0,16745,0,,,,,,,,
A2, i01M1.dat,48.0167,0.2,119925,119925,100%,109272,9.75%,0,1803,0,16745,0,,,,,,,,
A2, i01M1.dat,47.6163,0.2,119925,119925,100%,109272,9.75%,0,1803,0,16745,0,,,,,,,,
A2, i01M1.dat,46.3294,0.2,119925,119925,100%,109272,9.75%,0,1803,0,16745,0,,,,,,,,
A2, i01M1.dat,47.9394,0.2,119925,119925,100%,109272,9.75%,0,1803,0,16745,0,,,,,,,,
A2, i01M1.dat,46.3871,0.2,119925,119925,100%,109272,9.75%,0,1803,0,16745,0,,,,,,,,
A2, i01M1.dat,47.5413,0.2,119925,119925,100%,109272,9.75%,0,1803,0,16745,0,,,,,,,,
A2, i01M1.dat,46.2794,0.2,119925,119925,100%,109272,9.75%,0,1803,0,16745,0,,,,,,,,
A2, i01M1.dat,47.5259,0.2,119925,119925,100%,109272,9.75%,0,1803,0,16745,0,,,,,,,,
A2, i01M1.dat,46.6358,0.2,119925,119925,100%,109272,9.75%,0,1803,0,16745,0,,,,,,,,
A2, i01M1.dat,47.6643,0.2,119925,119925,100%,109272,9.75%,0,1803,0,16745,0,,,,,,,,
A2, i01M1.dat,46.5339,0.3,119925,119925,100%,109272,9.75%,0,1803,0,16745,0,,,,,,,,
A2, i01M1.dat,47.5389,0.3,119925,119925,100%,109272,9.75%,0,1803,0,16745,0,,,,,,,,
A2, i01M1.dat,47.7151,0.3,119925,119925,100%,109272,9.75%,0,1803,0,16745,0,,,,,,,,
A2, i01M1.dat,49.181,0.3,119925,119925,100%,109272,9.75%,0,1803,0,16745,0,,,,,,,,
A2, i01M1.dat,49.0547,0.3,119925,119925,100%,109272,9.75%,0,1803,0,16745,0,,,,,,,,
A2, i01M1.dat,50.5569,0.3,119925,119925,100%,109272,9.75%,0,1803,0,16745,0,,,,,,,,
A2, i01M1.dat,47.6323,0.3,119925,119925,100%,109272,9.75%,0,1803,0,16745,0,,,,,,,,
A2, i01M1.dat,47.4521,0.3,119925,119925,100%,109272,9.75%,0,1803,0,16745,0,,,,,,,,
A2, i01M1.dat,46.277,0.3,119925,119925,100%,109272,9.75%,0,1803,0,16745,0,,,,,,,,
A2, i01M1.dat,47.7407,0.3,119925,119925,100%,109272,9.75%,0,1803,0,16745,0,,,,,,,,
A2, i01M1.dat,48.4949,0.3,119925,119925,100%,109272,9.75%,0,1803,0,16745,0,,,,,,,,
A2, i01M1.dat,50.2765,0.3,119925,119925,100%,109272,9.75%,0,1803,0,16745,0,,,,,,,,
A2, i01M1.dat,48.6754,0.3,119925,119925,100%,109272,9.75%,0,1803,0,16745,0,,,,,,,,
A2, i01M1.dat,49.3039,0.3,119925,119925,100%,109272,9.75%,0,1803,0,16745,0,,,,,,,,
A2, i01M1.dat,48.0264,0.3,119925,119925,100%,109272,9.75%,0,1803,0,16745,0,,,,,,,,
A2, i01M1.dat,50.9525,0.3,119925,119925,100%,109272,9.75%,0,1803,0,16745,0,,,,,,,,
A2, i01M1.dat,49.2027,0.3,119925,119925,100%,109272,9.75%,0,1803,0,16745,0,,,,,,,,
A2, i01M1.dat,49.0184,0.3,119925,119925,100%,109272,9.75%,0,1803,0,16745,0,,,,,,,,
A2, i01M1.dat,48.8861,0.3,119925,119925,100%,109272,9.75%,0,1803,0,16745,0,,,,,,,,
A2, i01M1.dat,50.2864,0.3,119925,119925,100%,109272,9.75%,0,1803,0,16745,0,,,,,,,,
A3, i01M1.dat,106.723,0.45,119925,119925,100%,109272,9.75%,1,1803,1,16745,0,,,,,,,,
A3, i01M1.dat,112.384,0.45,119925,119925,100%,109272,9.75%,1,1803,1,16745,0,,,,,,,,
A3, i01M1.dat,116.166,0.1,119925,119925,100%,109272,9.75%,1,1803,1,16745,0,,,,,,,,
A3, i01M1.dat,116.322,0.5,119925,119925,100%,109272,9.75%,1,1803,1,16745,0,,,,,,,,
A3, i01M1.dat,116.235,0.25,119925,119925,100%,109272,9.75%,1,1803,1,16745,0,,,,,,,,
A3, i01M1.dat,117.161,0.05,119925,119925,100%,109272,9.75%,1,1803,1,16745,0,,,,,,,,
A3, i01M1.dat,118.785,0.2,119925,119925,100%,109272,9.75%,1,1803,1,16745,0,,,,,,,,
A3, i01M1.dat,116.831,0.45,119925,119925,100%,109272,9.75%,1,1803,1,16745,0,,,,,,,,
A3, i01M1.dat,120.169,0.3,119925,119925,100%,109272,9.75%,1,1803,1,16745,0,,,,,,,,
A3, i01M1.dat,117.861,0.25,119925,119925,100%,109272,9.75%,1,1803,1,16745,0,,,,,,,,
A3, i01M1.dat,116.545,0.4,119925,119925,100%,109272,9.75%,1,1803,1,16745,0,,,,,,,,
A3, i01M1.dat,116.226,0.25,119925,119925,100%,109272,9.75%,1,1803,1,16745,0,,,,,,,,
A3, i01M1.dat,116.727,0.35,119925,119925,100%,109272,9.75%,1,1803,1,16745,0,,,,,,,,
A3, i01M1.dat,116.465,0.4,119925,119925,100%,109272,9.75%,1,1803,1,16745,0,,,,,,,,
A3, i01M1.dat,117.383,0.1,119925,119925,100%,109272,9.75%,1,1803,1,16745,0,,,,,,,,
A3, i01M1.dat,116.12,0.3,119925,119925,100%,109272,9.75%,1,1803,1,16745,0,,,,,,,,
A3, i01M1.dat,116.381,0.15,119925,119925,100%,109272,9.75%,1,1803,1,16745,0,,,,,,,,
A3, i01M1.dat,116.394,0.05,119925,119925,100%,109272,9.75%,1,1803,1,16745,0,,,,,,,,
A3, i01M1.dat,116.609,0.2,119925,119925,100%,109272,9.75%,1,1803,1,16745,0,,,,,,,,
A3, i01M1.dat,115.803,0.3,119925,119925,100%,109272,9.75%,1,1803,1,16745,0,,,,,,,,
